/*******************************************************************************
 * Size: 32 px
 * Bpp: 2
 * Opts: --bpp 2 --size 32 --font C:/Users/Administrator/Desktop/SQL studio/VOA/assets/AlibabaPuHuiTi-3-65-Medium.ttf -o C:/Users/Administrator/Desktop/SQL studio/VOA/assets\ui_font_Font32.c --format lvgl -r 0x20-0x7f --symbols 波长选择衰减矫正通断输出光功率设备名称序列号端口地址语言亮度中文： --no-compress --no-prefilter
 ******************************************************************************/

#include "../ui.h"

#ifndef UI_FONT_FONT32
#define UI_FONT_FONT32 1
#endif

#if UI_FONT_FONT32

/*-----------------
 *    BITMAPS
 *----------------*/

/*Store the image of the glyphs*/
static LV_ATTRIBUTE_LARGE_CONST const uint8_t glyph_bitmap[] = {
    /* U+0020 " " */

    /* U+0021 "!" */
    0x3f, 0x83, 0xf8, 0x3f, 0x83, 0xf8, 0x3f, 0x83,
    0xf8, 0x3f, 0x83, 0xf4, 0x3f, 0x43, 0xf4, 0x3f,
    0x42, 0xf4, 0x2f, 0x42, 0xf4, 0x2f, 0x1, 0xa0,
    0x0, 0x0, 0x0, 0x1a, 0x7, 0xfc, 0x7f, 0xc7,
    0xfc, 0x3f, 0x80,

    /* U+0022 "\"" */
    0xfe, 0x2f, 0xcf, 0xe2, 0xfc, 0xbe, 0x1f, 0xcb,
    0xd1, 0xf8, 0xbd, 0x1f, 0x87, 0xd0, 0xf8, 0x7c,
    0xf, 0x47, 0xc0, 0xf4, 0x3c, 0xf, 0x42, 0x80,
    0xa0,

    /* U+0023 "#" */
    0x0, 0xf, 0xc0, 0xf, 0xc0, 0x0, 0x3f, 0x0,
    0x3f, 0x0, 0x0, 0xfc, 0x1, 0xfc, 0x0, 0x7,
    0xe0, 0x7, 0xe0, 0x0, 0x2f, 0x40, 0x2f, 0x40,
    0x0, 0xbd, 0x0, 0xfc, 0x7, 0xff, 0xff, 0xff,
    0xff, 0x9f, 0xff, 0xff, 0xff, 0xfe, 0x6a, 0xff,
    0xaa, 0xff, 0xa4, 0x1, 0xf8, 0x2, 0xf4, 0x0,
    0xb, 0xd0, 0xb, 0xd0, 0x0, 0x3f, 0x0, 0x3f,
    0x0, 0x0, 0xfc, 0x0, 0xfc, 0x0, 0x3, 0xf0,
    0x7, 0xf0, 0x6, 0xbf, 0xea, 0xbf, 0xea, 0x5f,
    0xff, 0xff, 0xff, 0xfe, 0x7f, 0xff, 0xff, 0xff,
    0xf8, 0xf, 0xc0, 0xf, 0xc0, 0x0, 0x3f, 0x0,
    0x3f, 0x0, 0x1, 0xf8, 0x1, 0xf8, 0x0, 0xb,
    0xd0, 0xb, 0xd0, 0x0, 0x2f, 0x40, 0x3f, 0x0,
    0x0, 0xfc, 0x0, 0xfc, 0x0, 0x0,

    /* U+0024 "$" */
    0x0, 0x2, 0x80, 0x0, 0x0, 0x3, 0xc0, 0x0,
    0x0, 0x3, 0xc0, 0x0, 0x0, 0xbf, 0xff, 0xa0,
    0x7, 0xff, 0xff, 0xf0, 0xf, 0xff, 0xff, 0xf0,
    0x2f, 0xc3, 0xc0, 0x10, 0x2f, 0x43, 0xc0, 0x0,
    0x3f, 0x43, 0xc0, 0x0, 0x3f, 0x43, 0xc0, 0x0,
    0x2f, 0x83, 0xc0, 0x0, 0x2f, 0xd3, 0xc0, 0x0,
    0xf, 0xff, 0xd0, 0x0, 0x7, 0xff, 0xfe, 0x0,
    0x0, 0xbf, 0xff, 0xd0, 0x0, 0x7, 0xff, 0xf4,
    0x0, 0x3, 0xdb, 0xfc, 0x0, 0x3, 0xc1, 0xfc,
    0x0, 0x3, 0xc0, 0xfd, 0x0, 0x3, 0xc0, 0xfd,
    0x0, 0x3, 0xc0, 0xfd, 0x0, 0x3, 0xc0, 0xfc,
    0x25, 0x3, 0xd7, 0xfc, 0x3f, 0xff, 0xff, 0xf4,
    0x3f, 0xff, 0xff, 0xe0, 0x1b, 0xff, 0xfe, 0x40,
    0x0, 0x3, 0xc0, 0x0, 0x0, 0x3, 0xc0, 0x0,
    0x0, 0x3, 0xc0, 0x0, 0x0, 0x3, 0xc0, 0x0,
    0x0, 0x2, 0x80, 0x0,

    /* U+0025 "%" */
    0xb, 0xf8, 0x0, 0x0, 0xf4, 0x0, 0xff, 0xfd,
    0x0, 0xb, 0xc0, 0x7, 0xd0, 0xfc, 0x0, 0x3d,
    0x0, 0x2f, 0x1, 0xf0, 0x2, 0xe0, 0x0, 0xf8,
    0x3, 0xc0, 0x1f, 0x0, 0x3, 0xe0, 0xf, 0x40,
    0xf8, 0x0, 0xf, 0x80, 0x3d, 0x7, 0xc0, 0x0,
    0x3e, 0x0, 0xf0, 0x3e, 0x0, 0x0, 0xbc, 0x7,
    0xc1, 0xf0, 0x0, 0x1, 0xf4, 0x3f, 0xf, 0x40,
    0x0, 0x3, 0xff, 0xf4, 0xbc, 0x0, 0x0, 0x2,
    0xfe, 0x3, 0xd0, 0xbf, 0x80, 0x0, 0x0, 0x2f,
    0xf, 0xff, 0xd0, 0x0, 0x0, 0xf4, 0x7d, 0xf,
    0xc0, 0x0, 0xb, 0xc2, 0xf0, 0x1f, 0x0, 0x0,
    0x3c, 0xf, 0x80, 0x3c, 0x0, 0x3, 0xe0, 0x3e,
    0x0, 0xf4, 0x0, 0x1f, 0x0, 0xf8, 0x3, 0xd0,
    0x0, 0xf8, 0x3, 0xe0, 0xf, 0x0, 0x7, 0xc0,
    0xb, 0xc0, 0x7c, 0x0, 0x3e, 0x0, 0x1f, 0x43,
    0xf0, 0x1, 0xf0, 0x0, 0x3f, 0xff, 0x0, 0xf,
    0x40, 0x0, 0x2f, 0xe0, 0x0,

    /* U+0026 "&" */
    0x0, 0xb, 0xfd, 0x0, 0x0, 0x0, 0x3f, 0xff,
    0xc0, 0x0, 0x0, 0xff, 0xff, 0xe0, 0x0, 0x1,
    0xfd, 0xb, 0xf0, 0x0, 0x2, 0xfc, 0x3, 0xf0,
    0x0, 0x3, 0xf8, 0x3, 0xf0, 0x0, 0x2, 0xfc,
    0x7, 0xf0, 0x0, 0x2, 0xfc, 0x1f, 0xe0, 0x0,
    0x0, 0xfe, 0xbf, 0xc0, 0x0, 0x0, 0xbf, 0xfe,
    0x0, 0x0, 0x0, 0xbf, 0xf4, 0x0, 0x0, 0x3,
    0xff, 0xf0, 0x3, 0xf4, 0xf, 0xfb, 0xf8, 0x3,
    0xf4, 0x3f, 0xd2, 0xfe, 0x3, 0xf0, 0x7f, 0x40,
    0xff, 0x4b, 0xf0, 0xff, 0x0, 0x3f, 0xcf, 0xd0,
    0xfe, 0x0, 0xf, 0xff, 0xc0, 0xfe, 0x0, 0x7,
    0xff, 0x40, 0xbf, 0x0, 0x3, 0xff, 0x0, 0x7f,
    0xd0, 0x1f, 0xff, 0x80, 0x2f, 0xff, 0xff, 0xff,
    0xfd, 0xb, 0xff, 0xff, 0xf, 0xfd, 0x1, 0xbf,
    0xe4, 0x1, 0xfd,

    /* U+0027 "'" */
    0xfe, 0xfe, 0xbe, 0xbd, 0xbd, 0x7d, 0x7c, 0x7c,
    0x3c, 0x28,

    /* U+0028 "(" */
    0x0, 0xf, 0xc0, 0x3, 0xf8, 0x0, 0x7f, 0x0,
    0xf, 0xe0, 0x1, 0xfc, 0x0, 0x3f, 0x80, 0x3,
    0xf4, 0x0, 0xbf, 0x0, 0xf, 0xe0, 0x0, 0xfd,
    0x0, 0x1f, 0xc0, 0x2, 0xfc, 0x0, 0x3f, 0xc0,
    0x3, 0xf8, 0x0, 0x3f, 0x80, 0x3, 0xf8, 0x0,
    0x3f, 0x80, 0x3, 0xf8, 0x0, 0x3f, 0x80, 0x3,
    0xf8, 0x0, 0x2f, 0xc0, 0x1, 0xfc, 0x0, 0xf,
    0xd0, 0x0, 0xfe, 0x0, 0xb, 0xf0, 0x0, 0x7f,
    0x0, 0x3, 0xf8, 0x0, 0x1f, 0xc0, 0x0, 0xfe,
    0x0, 0x7, 0xf0, 0x0, 0x3f, 0x80, 0x0, 0xfc,

    /* U+0029 ")" */
    0x3f, 0x0, 0xb, 0xf0, 0x0, 0xfd, 0x0, 0x2f,
    0xc0, 0x3, 0xf4, 0x0, 0xbf, 0x0, 0x1f, 0xc0,
    0x3, 0xf8, 0x0, 0xbf, 0x0, 0x1f, 0xc0, 0x3,
    0xf4, 0x0, 0xfe, 0x0, 0x3f, 0x80, 0xf, 0xf0,
    0x2, 0xfc, 0x0, 0xbf, 0x0, 0x2f, 0xc0, 0xb,
    0xf0, 0x3, 0xfc, 0x0, 0xfe, 0x0, 0x3f, 0x80,
    0xf, 0xd0, 0x7, 0xf0, 0x2, 0xfc, 0x0, 0xfd,
    0x0, 0x7f, 0x0, 0x3f, 0x80, 0x1f, 0xd0, 0xb,
    0xf0, 0x3, 0xf0, 0x3, 0xf8, 0x1, 0xfc, 0x0,

    /* U+002A "*" */
    0x0, 0x1f, 0x80, 0x0, 0x1, 0xf8, 0x0, 0x0,
    0x1f, 0x40, 0x1, 0xe0, 0xf4, 0xb4, 0x2f, 0xff,
    0xff, 0xc3, 0xff, 0xff, 0xfc, 0x1, 0x7f, 0xe4,
    0x0, 0xb, 0xfe, 0x0, 0x1, 0xfe, 0xf8, 0x0,
    0x7f, 0xf, 0xd0, 0x3, 0xe0, 0x7c, 0x0, 0x8,
    0x2, 0x0,

    /* U+002B "+" */
    0x0, 0xb, 0xe0, 0x0, 0x0, 0xb, 0xe0, 0x0,
    0x0, 0xb, 0xe0, 0x0, 0x0, 0xb, 0xe0, 0x0,
    0x0, 0xb, 0xe0, 0x0, 0x0, 0xb, 0xe0, 0x0,
    0x0, 0xb, 0xe0, 0x0, 0xff, 0xff, 0xff, 0xff,
    0xff, 0xff, 0xff, 0xff, 0xff, 0xff, 0xff, 0xff,
    0x0, 0xb, 0xe0, 0x0, 0x0, 0xb, 0xe0, 0x0,
    0x0, 0xb, 0xe0, 0x0, 0x0, 0xb, 0xe0, 0x0,
    0x0, 0xb, 0xe0, 0x0, 0x0, 0xb, 0xe0, 0x0,
    0x0, 0x0, 0x0, 0x0,

    /* U+002C "," */
    0x3, 0xf4, 0xf, 0xc0, 0x7f, 0x2, 0xf8, 0xf,
    0xd0, 0x3f, 0x2, 0xf4, 0xf, 0xc0, 0xbc, 0x0,

    /* U+002D "-" */
    0xbf, 0xff, 0xef, 0xff, 0xff, 0xff, 0xff, 0xf0,

    /* U+002E "." */
    0x2a, 0x43, 0xfc, 0x7f, 0xd7, 0xfd, 0x3f, 0x80,

    /* U+002F "/" */
    0x0, 0x0, 0x29, 0x0, 0x0, 0x7d, 0x0, 0x0,
    0xfc, 0x0, 0x0, 0xf8, 0x0, 0x2, 0xf4, 0x0,
    0x3, 0xf0, 0x0, 0x3, 0xe0, 0x0, 0xb, 0xd0,
    0x0, 0xf, 0xc0, 0x0, 0x1f, 0x80, 0x0, 0x2f,
    0x0, 0x0, 0x3f, 0x0, 0x0, 0x7e, 0x0, 0x0,
    0xbc, 0x0, 0x0, 0xfc, 0x0, 0x1, 0xf4, 0x0,
    0x2, 0xf0, 0x0, 0x3, 0xe0, 0x0, 0x7, 0xd0,
    0x0, 0xf, 0xc0, 0x0, 0xf, 0x80, 0x0, 0x1f,
    0x40, 0x0, 0x3f, 0x0, 0x0, 0x3e, 0x0, 0x0,
    0xbd, 0x0, 0x0,

    /* U+0030 "0" */
    0x0, 0x2f, 0xf9, 0x0, 0x1, 0xff, 0xff, 0xc0,
    0x7, 0xff, 0xff, 0xf0, 0xf, 0xf4, 0x1b, 0xf8,
    0x1f, 0xd0, 0x2, 0xfc, 0x3f, 0xc0, 0x0, 0xfd,
    0x3f, 0x80, 0x0, 0xfe, 0x3f, 0x40, 0x0, 0xfe,
    0x7f, 0x0, 0x0, 0xbf, 0x7f, 0x0, 0x0, 0xbf,
    0x7f, 0x0, 0x0, 0xbf, 0x7f, 0x0, 0x0, 0xbf,
    0x7f, 0x0, 0x0, 0xbf, 0x7f, 0x0, 0x0, 0xbf,
    0x7f, 0x0, 0x0, 0xbf, 0x3f, 0x40, 0x0, 0xfe,
    0x3f, 0x80, 0x0, 0xfe, 0x3f, 0xc0, 0x0, 0xfd,
    0x1f, 0xd0, 0x2, 0xfc, 0xf, 0xf4, 0xb, 0xf8,
    0x7, 0xff, 0xff, 0xf0, 0x2, 0xff, 0xff, 0xc0,
    0x0, 0x2f, 0xf9, 0x0,

    /* U+0031 "1" */
    0x1, 0xaf, 0xcb, 0xff, 0xfc, 0xff, 0xff, 0xcf,
    0xea, 0xfc, 0x40, 0x1f, 0xc0, 0x1, 0xfc, 0x0,
    0x1f, 0xc0, 0x1, 0xfc, 0x0, 0x1f, 0xc0, 0x1,
    0xfc, 0x0, 0x1f, 0xc0, 0x1, 0xfc, 0x0, 0x1f,
    0xc0, 0x1, 0xfc, 0x0, 0x1f, 0xc0, 0x1, 0xfc,
    0x0, 0x1f, 0xc0, 0x1, 0xfc, 0x0, 0x1f, 0xc0,
    0x1, 0xfc, 0x0, 0x1f, 0xc0, 0x1, 0xfc, 0x0,
    0x1f, 0xc0,

    /* U+0032 "2" */
    0x6, 0xff, 0xf9, 0x0, 0xf, 0xff, 0xff, 0x80,
    0xf, 0xff, 0xff, 0xf0, 0x5, 0x0, 0x1f, 0xf4,
    0x0, 0x0, 0x3, 0xf8, 0x0, 0x0, 0x2, 0xfc,
    0x0, 0x0, 0x2, 0xfc, 0x0, 0x0, 0x2, 0xfc,
    0x0, 0x0, 0x3, 0xf8, 0x0, 0x0, 0x7, 0xf4,
    0x0, 0x0, 0xf, 0xf0, 0x0, 0x0, 0x2f, 0xe0,
    0x0, 0x0, 0x7f, 0xc0, 0x0, 0x1, 0xff, 0x0,
    0x0, 0x7, 0xfc, 0x0, 0x0, 0x2f, 0xf0, 0x0,
    0x0, 0xbf, 0xc0, 0x0, 0x3, 0xfe, 0x0, 0x0,
    0xf, 0xf8, 0x0, 0x0, 0x3f, 0xe0, 0x0, 0x0,
    0x3f, 0xff, 0xff, 0xfe, 0x3f, 0xff, 0xff, 0xfe,
    0x3f, 0xff, 0xff, 0xfe,

    /* U+0033 "3" */
    0x1b, 0xff, 0xe0, 0x0, 0xff, 0xff, 0xf8, 0x3,
    0xff, 0xff, 0xf8, 0x5, 0x0, 0x1f, 0xf0, 0x0,
    0x0, 0xf, 0xd0, 0x0, 0x0, 0x3f, 0x40, 0x0,
    0x0, 0xfd, 0x0, 0x0, 0x7, 0xf0, 0x0, 0x0,
    0xbf, 0x80, 0xf, 0xff, 0xf8, 0x0, 0x3f, 0xff,
    0x0, 0x0, 0xff, 0xff, 0x80, 0x0, 0x1, 0xbf,
    0xc0, 0x0, 0x0, 0x7f, 0x80, 0x0, 0x0, 0xbf,
    0x0, 0x0, 0x1, 0xfc, 0x0, 0x0, 0x7, 0xf0,
    0x0, 0x0, 0x2f, 0xc0, 0x0, 0x1, 0xfe, 0x14,
    0x0, 0x6f, 0xf4, 0xff, 0xff, 0xff, 0x83, 0xff,
    0xff, 0xf8, 0xb, 0xff, 0xf9, 0x0, 0x0,

    /* U+0034 "4" */
    0x0, 0x0, 0x3f, 0xe0, 0x0, 0x0, 0x2f, 0xf8,
    0x0, 0x0, 0xf, 0xfe, 0x0, 0x0, 0xf, 0xff,
    0x80, 0x0, 0xb, 0xeb, 0xe0, 0x0, 0x3, 0xf2,
    0xf8, 0x0, 0x3, 0xf4, 0xbe, 0x0, 0x1, 0xfc,
    0x2f, 0x80, 0x0, 0xfc, 0xb, 0xe0, 0x0, 0xfd,
    0x2, 0xf8, 0x0, 0x7f, 0x0, 0xbe, 0x0, 0x3f,
    0x0, 0x2f, 0x80, 0x3f, 0x80, 0xb, 0xe0, 0x1f,
    0xc0, 0x2, 0xf8, 0xf, 0xd0, 0x0, 0xbe, 0x3,
    0xff, 0xff, 0xff, 0xfc, 0xff, 0xff, 0xff, 0xff,
    0x3f, 0xff, 0xff, 0xff, 0xc0, 0x0, 0x0, 0xbe,
    0x0, 0x0, 0x0, 0x2f, 0x80, 0x0, 0x0, 0xb,
    0xe0, 0x0, 0x0, 0x2, 0xf8, 0x0, 0x0, 0x0,
    0xbe, 0x0,

    /* U+0035 "5" */
    0xf, 0xff, 0xff, 0xc0, 0x3f, 0xff, 0xff, 0x0,
    0xff, 0xff, 0xfc, 0x3, 0xf0, 0x0, 0x0, 0x1f,
    0x80, 0x0, 0x0, 0xbe, 0x0, 0x0, 0x2, 0xf4,
    0x0, 0x0, 0xf, 0xd0, 0x0, 0x0, 0x3f, 0xaa,
    0x90, 0x0, 0xff, 0xff, 0xf8, 0x3, 0xff, 0xff,
    0xfc, 0x4, 0x0, 0x1f, 0xf8, 0x0, 0x0, 0xf,
    0xf0, 0x0, 0x0, 0x1f, 0xd0, 0x0, 0x0, 0x3f,
    0x40, 0x0, 0x0, 0xfd, 0x0, 0x0, 0x3, 0xf4,
    0x0, 0x0, 0x1f, 0xc0, 0x0, 0x0, 0xff, 0x4,
    0x0, 0x6f, 0xf4, 0x7f, 0xff, 0xff, 0x81, 0xff,
    0xff, 0xf8, 0x2, 0xff, 0xf9, 0x0, 0x0,

    /* U+0036 "6" */
    0x0, 0x0, 0x6f, 0xc0, 0x0, 0xb, 0xff, 0xc0,
    0x0, 0x3f, 0xff, 0xc0, 0x0, 0xff, 0xe4, 0x0,
    0x3, 0xfd, 0x0, 0x0, 0x7, 0xf4, 0x0, 0x0,
    0xf, 0xd0, 0x0, 0x0, 0x1f, 0xc0, 0x0, 0x0,
    0x2f, 0x8b, 0xfe, 0x0, 0x3f, 0xbf, 0xff, 0xe0,
    0x3f, 0xff, 0xbf, 0xf4, 0x3f, 0xe0, 0x3, 0xfc,
    0x3f, 0x80, 0x0, 0xfd, 0x7f, 0x0, 0x0, 0xbe,
    0x7f, 0x0, 0x0, 0xbe, 0x3f, 0x0, 0x0, 0x7e,
    0x3f, 0x0, 0x0, 0xbe, 0x3f, 0x40, 0x0, 0xfe,
    0x2f, 0xc0, 0x1, 0xfc, 0xf, 0xf0, 0x7, 0xfc,
    0xb, 0xff, 0xff, 0xf0, 0x2, 0xff, 0xff, 0xd0,
    0x0, 0x2f, 0xfd, 0x0,

    /* U+0037 "7" */
    0x7f, 0xff, 0xff, 0xfd, 0x7f, 0xff, 0xff, 0xfd,
    0x7f, 0xff, 0xff, 0xfd, 0x0, 0x0, 0x0, 0xfd,
    0x0, 0x0, 0x1, 0xfc, 0x0, 0x0, 0x3, 0xf8,
    0x0, 0x0, 0x7, 0xf0, 0x0, 0x0, 0xb, 0xe0,
    0x0, 0x0, 0xf, 0xd0, 0x0, 0x0, 0x2f, 0xc0,
    0x0, 0x0, 0x3f, 0x40, 0x0, 0x0, 0xbf, 0x0,
    0x0, 0x0, 0xfd, 0x0, 0x0, 0x1, 0xfc, 0x0,
    0x0, 0x3, 0xf8, 0x0, 0x0, 0x7, 0xf0, 0x0,
    0x0, 0xf, 0xe0, 0x0, 0x0, 0x1f, 0xd0, 0x0,
    0x0, 0x3f, 0xc0, 0x0, 0x0, 0x3f, 0x40, 0x0,
    0x0, 0xbf, 0x0, 0x0, 0x0, 0xfd, 0x0, 0x0,
    0x2, 0xfc, 0x0, 0x0,

    /* U+0038 "8" */
    0x0, 0x6f, 0xfe, 0x0, 0x0, 0xff, 0xff, 0xf4,
    0x0, 0xff, 0xff, 0xff, 0x40, 0x7f, 0x80, 0x1f,
    0xf0, 0x2f, 0x80, 0x0, 0xfc, 0xf, 0xd0, 0x0,
    0x3f, 0x42, 0xf4, 0x0, 0xf, 0xc0, 0xbe, 0x0,
    0x3, 0xf0, 0xf, 0xd0, 0x3, 0xf8, 0x1, 0xff,
    0xef, 0xf8, 0x0, 0xf, 0xff, 0xf8, 0x0, 0x1f,
    0xff, 0xff, 0x80, 0xf, 0xe0, 0x7, 0xfc, 0xf,
    0xe0, 0x0, 0x3f, 0x43, 0xf0, 0x0, 0x7, 0xf1,
    0xfc, 0x0, 0x1, 0xfc, 0x7f, 0x0, 0x0, 0x3f,
    0x1f, 0xc0, 0x0, 0x1f, 0xc3, 0xf4, 0x0, 0xf,
    0xf0, 0xff, 0x40, 0x1f, 0xf4, 0x1f, 0xff, 0xff,
    0xfc, 0x1, 0xff, 0xff, 0xf8, 0x0, 0x6, 0xff,
    0xe4, 0x0,

    /* U+0039 "9" */
    0x0, 0x2f, 0xf9, 0x0, 0x2, 0xff, 0xff, 0xc0,
    0xb, 0xff, 0xff, 0xf0, 0x1f, 0xe0, 0xb, 0xf8,
    0x3f, 0xc0, 0x1, 0xfc, 0x3f, 0x40, 0x0, 0xfd,
    0x3f, 0x0, 0x0, 0xbe, 0x7f, 0x0, 0x0, 0xbe,
    0x3f, 0x0, 0x0, 0xbe, 0x3f, 0x0, 0x0, 0xfe,
    0x3f, 0x80, 0x1, 0xfe, 0x2f, 0xe0, 0xb, 0xfe,
    0xf, 0xff, 0xff, 0xfe, 0x2, 0xff, 0xfd, 0xfd,
    0x0, 0x1a, 0x90, 0xfc, 0x0, 0x0, 0x1, 0xfc,
    0x0, 0x0, 0x3, 0xf4, 0x0, 0x0, 0xb, 0xf0,
    0x0, 0x0, 0x3f, 0xd0, 0x0, 0x6, 0xff, 0x80,
    0x1, 0xff, 0xfe, 0x0, 0x1, 0xff, 0xf4, 0x0,
    0x1, 0xfe, 0x40, 0x0,

    /* U+003A ":" */
    0x2f, 0xc3, 0xfd, 0x3f, 0xd3, 0xfd, 0x1a, 0x80,
    0x0, 0x0, 0x0, 0x0, 0x0, 0x0, 0x0, 0x0,
    0x0, 0x0, 0x0, 0x1, 0xa8, 0x3f, 0xd3, 0xfd,
    0x3f, 0xd2, 0xfc,

    /* U+003B ";" */
    0x2, 0xfc, 0x3, 0xfd, 0x3, 0xfd, 0x3, 0xfd,
    0x1, 0xa8, 0x0, 0x0, 0x0, 0x0, 0x0, 0x0,
    0x0, 0x0, 0x0, 0x0, 0x0, 0x0, 0x0, 0x0,
    0x0, 0x0, 0x0, 0xa8, 0x0, 0xfc, 0x1, 0xfc,
    0x2, 0xf8, 0x3, 0xf0, 0x7, 0xf0, 0xb, 0xd0,
    0xf, 0xc0, 0x2f, 0x0, 0x4, 0x0,

    /* U+003C "<" */
    0x0, 0x0, 0x0, 0x1, 0x0, 0x0, 0x0, 0x2f,
    0x0, 0x0, 0x6, 0xff, 0x0, 0x0, 0x7f, 0xfe,
    0x0, 0xb, 0xff, 0xe0, 0x1, 0xff, 0xfd, 0x0,
    0x2f, 0xff, 0x80, 0x0, 0xff, 0xf4, 0x0, 0x0,
    0xfe, 0x40, 0x0, 0x0, 0xfd, 0x0, 0x0, 0x0,
    0xff, 0xe0, 0x0, 0x0, 0xbf, 0xfe, 0x40, 0x0,
    0x7, 0xff, 0xf4, 0x0, 0x0, 0x2f, 0xff, 0x80,
    0x0, 0x1, 0xff, 0xfd, 0x0, 0x0, 0x1b, 0xff,
    0x0, 0x0, 0x0, 0xbf, 0x0, 0x0, 0x0, 0x6,

    /* U+003D "=" */
    0x0, 0x0, 0x0, 0x0, 0xff, 0xff, 0xff, 0xff,
    0xff, 0xff, 0xff, 0xff, 0xff, 0xff, 0xff, 0xff,
    0x0, 0x0, 0x0, 0x0, 0x0, 0x0, 0x0, 0x0,
    0x0, 0x0, 0x0, 0x0, 0x0, 0x0, 0x0, 0x0,
    0x0, 0x0, 0x0, 0x0, 0xff, 0xff, 0xff, 0xff,
    0xff, 0xff, 0xff, 0xff, 0xff, 0xff, 0xff, 0xff,

    /* U+003E ">" */
    0x40, 0x0, 0x0, 0x0, 0xf8, 0x0, 0x0, 0x0,
    0xff, 0x90, 0x0, 0x0, 0xff, 0xfd, 0x0, 0x0,
    0xb, 0xff, 0xe0, 0x0, 0x0, 0x7f, 0xff, 0x40,
    0x0, 0x6, 0xff, 0xf8, 0x0, 0x0, 0x1f, 0xff,
    0x0, 0x0, 0x1, 0xbf, 0x0, 0x0, 0x0, 0x7f,
    0x0, 0x0, 0xb, 0xff, 0x0, 0x1, 0xbf, 0xfd,
    0x0, 0x1f, 0xff, 0xd0, 0x6, 0xff, 0xf8, 0x0,
    0x7f, 0xff, 0x40, 0x0, 0xff, 0xe4, 0x0, 0x0,
    0xfe, 0x0, 0x0, 0x0, 0x90, 0x0, 0x0, 0x0,

    /* U+003F "?" */
    0x6f, 0xff, 0x90, 0x2f, 0xff, 0xff, 0xb, 0xff,
    0xff, 0xe1, 0x50, 0x1b, 0xfc, 0x0, 0x0, 0xff,
    0x0, 0x0, 0x2f, 0xc0, 0x0, 0xb, 0xf0, 0x0,
    0x2, 0xfc, 0x0, 0x0, 0xff, 0x0, 0x0, 0xff,
    0x40, 0x1, 0xff, 0x40, 0x0, 0xff, 0x40, 0x0,
    0xff, 0x0, 0x0, 0x3f, 0x0, 0x0, 0x1f, 0xc0,
    0x0, 0x7, 0xe0, 0x0, 0x0, 0x0, 0x0, 0x0,
    0x0, 0x0, 0x0, 0xa, 0x40, 0x0, 0xf, 0xf4,
    0x0, 0x3, 0xfd, 0x0, 0x0, 0xff, 0x40, 0x0,
    0x2f, 0xc0, 0x0,

    /* U+0040 "@" */
    0x0, 0x0, 0x6, 0xff, 0xe4, 0x0, 0x0, 0x0,
    0x1f, 0xff, 0xff, 0xf8, 0x0, 0x0, 0xb, 0xff,
    0xea, 0xff, 0xf0, 0x0, 0x3, 0xfe, 0x40, 0x0,
    0x7f, 0xc0, 0x0, 0xff, 0x40, 0x0, 0x0, 0xbf,
    0x0, 0x2f, 0xc0, 0x0, 0x0, 0x3, 0xf4, 0x7,
    0xf0, 0x0, 0x54, 0x15, 0x1f, 0xc0, 0xfd, 0x0,
    0xbf, 0xf7, 0xd0, 0xfc, 0x1f, 0xc0, 0x3f, 0xff,
    0xfd, 0xb, 0xd2, 0xf4, 0xb, 0xf0, 0x3f, 0xc0,
    0x7d, 0x3f, 0x0, 0xfc, 0x1, 0xfc, 0x7, 0xd3,
    0xe0, 0x2f, 0x40, 0xf, 0x80, 0x7d, 0x7e, 0x3,
    0xf0, 0x0, 0xf8, 0x7, 0xd7, 0xd0, 0x3f, 0x0,
    0x1f, 0x40, 0xbc, 0x7d, 0x3, 0xf0, 0x2, 0xf0,
    0xf, 0xc7, 0xe0, 0x3f, 0x0, 0x3f, 0x0, 0xf8,
    0x7e, 0x3, 0xf0, 0xb, 0xf4, 0x2f, 0x3, 0xf0,
    0x2f, 0xeb, 0xff, 0xeb, 0xe0, 0x3f, 0x0, 0xff,
    0xfd, 0xbf, 0xfc, 0x2, 0xf8, 0x2, 0xfe, 0x1,
    0xfe, 0x0, 0xf, 0xc0, 0x0, 0x0, 0x0, 0x0,
    0x0, 0xbf, 0x0, 0x0, 0x0, 0x0, 0x0, 0x3,
    0xfd, 0x0, 0x0, 0x0, 0x0, 0x0, 0xf, 0xfe,
    0x40, 0x1, 0xb4, 0x0, 0x0, 0x2f, 0xff, 0xff,
    0xff, 0x40, 0x0, 0x0, 0x2f, 0xff, 0xff, 0xf4,
    0x0, 0x0, 0x0, 0x6, 0xaa, 0x50, 0x0, 0x0,

    /* U+0041 "A" */
    0x0, 0x0, 0xbf, 0xe0, 0x0, 0x0, 0x0, 0xf,
    0xff, 0x0, 0x0, 0x0, 0x1, 0xff, 0xf4, 0x0,
    0x0, 0x0, 0x2f, 0xff, 0x80, 0x0, 0x0, 0x3,
    0xf5, 0xfc, 0x0, 0x0, 0x0, 0x7f, 0xf, 0xd0,
    0x0, 0x0, 0xb, 0xf0, 0xff, 0x0, 0x0, 0x0,
    0xfd, 0x7, 0xf0, 0x0, 0x0, 0x1f, 0xc0, 0x3f,
    0x80, 0x0, 0x3, 0xfc, 0x3, 0xfc, 0x0, 0x0,
    0x3f, 0x40, 0x1f, 0xc0, 0x0, 0xb, 0xf0, 0x0,
    0xfe, 0x0, 0x0, 0xff, 0x0, 0xf, 0xf0, 0x0,
    0x1f, 0xe0, 0x0, 0xbf, 0x40, 0x2, 0xff, 0xff,
    0xff, 0xf8, 0x0, 0x3f, 0xff, 0xff, 0xff, 0xc0,
    0x7, 0xff, 0xff, 0xff, 0xfd, 0x0, 0xbf, 0x0,
    0x0, 0xf, 0xf0, 0xf, 0xe0, 0x0, 0x0, 0xbf,
    0x1, 0xfd, 0x0, 0x0, 0x7, 0xf4, 0x3f, 0xc0,
    0x0, 0x0, 0x3f, 0xc3, 0xf8, 0x0, 0x0, 0x2,
    0xfc, 0xbf, 0x0, 0x0, 0x0, 0xf, 0xe0,

    /* U+0042 "B" */
    0x3f, 0xff, 0xfe, 0x0, 0xf, 0xff, 0xff, 0xf8,
    0x3, 0xff, 0xff, 0xff, 0x40, 0xfd, 0x0, 0x6f,
    0xf0, 0x3f, 0x40, 0x2, 0xfc, 0xf, 0xd0, 0x0,
    0x7f, 0x43, 0xf4, 0x0, 0xf, 0xd0, 0xfd, 0x0,
    0x7, 0xf0, 0x3f, 0x40, 0x2, 0xfc, 0xf, 0xd0,
    0x6, 0xfd, 0x3, 0xff, 0xff, 0xfd, 0x0, 0xff,
    0xff, 0xfe, 0x40, 0x3f, 0xff, 0xff, 0xf8, 0xf,
    0xd0, 0x1, 0xff, 0x43, 0xf4, 0x0, 0xf, 0xe0,
    0xfd, 0x0, 0x2, 0xfc, 0x3f, 0x40, 0x0, 0xbf,
    0xf, 0xd0, 0x0, 0x2f, 0xc3, 0xf4, 0x0, 0xf,
    0xf0, 0xfd, 0x0, 0x1f, 0xf4, 0x3f, 0xff, 0xff,
    0xfc, 0xf, 0xff, 0xff, 0xfc, 0x3, 0xff, 0xff,
    0xe4, 0x0,

    /* U+0043 "C" */
    0x0, 0x6, 0xff, 0xf8, 0x0, 0xbf, 0xff, 0xfe,
    0x3, 0xff, 0xff, 0xfe, 0xf, 0xff, 0x51, 0x5a,
    0x1f, 0xf4, 0x0, 0x0, 0x3f, 0xd0, 0x0, 0x0,
    0x3f, 0x80, 0x0, 0x0, 0x7f, 0x40, 0x0, 0x0,
    0xbf, 0x0, 0x0, 0x0, 0xbf, 0x0, 0x0, 0x0,
    0xff, 0x0, 0x0, 0x0, 0xff, 0x0, 0x0, 0x0,
    0xff, 0x0, 0x0, 0x0, 0xff, 0x0, 0x0, 0x0,
    0xbf, 0x0, 0x0, 0x0, 0xbf, 0x40, 0x0, 0x0,
    0x7f, 0x80, 0x0, 0x0, 0x3f, 0xc0, 0x0, 0x0,
    0x2f, 0xf0, 0x0, 0x0, 0xf, 0xff, 0x55, 0x6f,
    0x7, 0xff, 0xff, 0xff, 0x0, 0xff, 0xff, 0xff,
    0x0, 0xb, 0xff, 0xe4,

    /* U+0044 "D" */
    0x3f, 0xff, 0xfe, 0x40, 0x0, 0xff, 0xff, 0xff,
    0xe0, 0x3, 0xff, 0xff, 0xff, 0xe0, 0xf, 0xd0,
    0x6, 0xff, 0xe0, 0x3f, 0x40, 0x0, 0xbf, 0xc0,
    0xfd, 0x0, 0x0, 0xbf, 0x83, 0xf4, 0x0, 0x0,
    0xff, 0xf, 0xd0, 0x0, 0x3, 0xfc, 0x3f, 0x40,
    0x0, 0xb, 0xf0, 0xfd, 0x0, 0x0, 0x1f, 0xd3,
    0xf4, 0x0, 0x0, 0x7f, 0x4f, 0xd0, 0x0, 0x1,
    0xfd, 0x3f, 0x40, 0x0, 0x7, 0xf4, 0xfd, 0x0,
    0x0, 0x1f, 0xc3, 0xf4, 0x0, 0x0, 0xbf, 0xf,
    0xd0, 0x0, 0x3, 0xfc, 0x3f, 0x40, 0x0, 0xf,
    0xe0, 0xfd, 0x0, 0x0, 0xff, 0x43, 0xf4, 0x0,
    0xb, 0xfc, 0xf, 0xe0, 0x16, 0xff, 0xd0, 0x3f,
    0xff, 0xff, 0xfd, 0x0, 0xff, 0xff, 0xff, 0xc0,
    0x3, 0xff, 0xff, 0xa0, 0x0, 0x0,

    /* U+0045 "E" */
    0x3f, 0xff, 0xff, 0xe0, 0xff, 0xff, 0xff, 0x83,
    0xff, 0xff, 0xfe, 0xf, 0xe0, 0x0, 0x0, 0x3f,
    0x40, 0x0, 0x0, 0xfd, 0x0, 0x0, 0x3, 0xf4,
    0x0, 0x0, 0xf, 0xd0, 0x0, 0x0, 0x3f, 0x40,
    0x0, 0x0, 0xfd, 0x0, 0x0, 0x3, 0xff, 0xff,
    0xfc, 0xf, 0xff, 0xff, 0xf0, 0x3f, 0xff, 0xff,
    0xc0, 0xfd, 0x0, 0x0, 0x3, 0xf4, 0x0, 0x0,
    0xf, 0xd0, 0x0, 0x0, 0x3f, 0x40, 0x0, 0x0,
    0xfd, 0x0, 0x0, 0x3, 0xf4, 0x0, 0x0, 0xf,
    0xe5, 0x55, 0x54, 0x3f, 0xff, 0xff, 0xf0, 0xff,
    0xff, 0xff, 0xc3, 0xff, 0xff, 0xff, 0x0,

    /* U+0046 "F" */
    0x3f, 0xff, 0xff, 0xe3, 0xff, 0xff, 0xfe, 0x3f,
    0xff, 0xff, 0xe3, 0xf8, 0x0, 0x0, 0x3f, 0x40,
    0x0, 0x3, 0xf4, 0x0, 0x0, 0x3f, 0x40, 0x0,
    0x3, 0xf4, 0x0, 0x0, 0x3f, 0x40, 0x0, 0x3,
    0xf4, 0x0, 0x0, 0x3f, 0xff, 0xff, 0xc3, 0xff,
    0xff, 0xfc, 0x3f, 0xff, 0xff, 0xc3, 0xf8, 0x0,
    0x0, 0x3f, 0x40, 0x0, 0x3, 0xf4, 0x0, 0x0,
    0x3f, 0x40, 0x0, 0x3, 0xf4, 0x0, 0x0, 0x3f,
    0x40, 0x0, 0x3, 0xf4, 0x0, 0x0, 0x3f, 0x40,
    0x0, 0x3, 0xf4, 0x0, 0x0, 0x3f, 0x40, 0x0,
    0x0,

    /* U+0047 "G" */
    0x0, 0x6, 0xff, 0xfa, 0x0, 0xb, 0xff, 0xff,
    0xfc, 0x3, 0xff, 0xff, 0xff, 0xc0, 0xff, 0xf9,
    0x41, 0x6c, 0x1f, 0xf4, 0x0, 0x0, 0x3, 0xfd,
    0x0, 0x0, 0x0, 0x3f, 0xc0, 0x0, 0x0, 0x7,
    0xf4, 0x0, 0x0, 0x0, 0xbf, 0x0, 0x0, 0x0,
    0xb, 0xf0, 0x0, 0x0, 0x0, 0xff, 0x0, 0xf,
    0xff, 0xef, 0xf0, 0x0, 0xff, 0xfe, 0xff, 0x0,
    0xf, 0xff, 0xef, 0xf0, 0x0, 0x0, 0xfe, 0xbf,
    0x0, 0x0, 0xf, 0xeb, 0xf4, 0x0, 0x0, 0xfe,
    0x7f, 0x80, 0x0, 0xf, 0xe3, 0xfc, 0x0, 0x0,
    0xfe, 0x2f, 0xf0, 0x0, 0xf, 0xe0, 0xff, 0xe4,
    0x1, 0xfe, 0x7, 0xff, 0xff, 0xff, 0xe0, 0xf,
    0xff, 0xff, 0xfe, 0x0, 0xa, 0xff, 0xfa, 0x40,

    /* U+0048 "H" */
    0x3f, 0x40, 0x0, 0x7, 0xf0, 0xfd, 0x0, 0x0,
    0x1f, 0xc3, 0xf4, 0x0, 0x0, 0x7f, 0xf, 0xd0,
    0x0, 0x1, 0xfc, 0x3f, 0x40, 0x0, 0x7, 0xf0,
    0xfd, 0x0, 0x0, 0x1f, 0xc3, 0xf4, 0x0, 0x0,
    0x7f, 0xf, 0xd0, 0x0, 0x1, 0xfc, 0x3f, 0x40,
    0x0, 0x7, 0xf0, 0xff, 0xff, 0xff, 0xff, 0xc3,
    0xff, 0xff, 0xff, 0xff, 0xf, 0xff, 0xff, 0xff,
    0xfc, 0x3f, 0x40, 0x0, 0x7, 0xf0, 0xfd, 0x0,
    0x0, 0x1f, 0xc3, 0xf4, 0x0, 0x0, 0x7f, 0xf,
    0xd0, 0x0, 0x1, 0xfc, 0x3f, 0x40, 0x0, 0x7,
    0xf0, 0xfd, 0x0, 0x0, 0x1f, 0xc3, 0xf4, 0x0,
    0x0, 0x7f, 0xf, 0xd0, 0x0, 0x1, 0xfc, 0x3f,
    0x40, 0x0, 0x7, 0xf0, 0xfd, 0x0, 0x0, 0x1f,
    0xc3, 0xf4, 0x0, 0x0, 0x7f, 0x0,

    /* U+0049 "I" */
    0x3f, 0x4f, 0xd3, 0xf4, 0xfd, 0x3f, 0x4f, 0xd3,
    0xf4, 0xfd, 0x3f, 0x4f, 0xd3, 0xf4, 0xfd, 0x3f,
    0x4f, 0xd3, 0xf4, 0xfd, 0x3f, 0x4f, 0xd3, 0xf4,
    0xfd, 0x3f, 0x4f, 0xd3, 0xf4,

    /* U+004A "J" */
    0x0, 0xf, 0xd0, 0x0, 0xfd, 0x0, 0xf, 0xd0,
    0x0, 0xfd, 0x0, 0xf, 0xd0, 0x0, 0xfd, 0x0,
    0xf, 0xd0, 0x0, 0xfd, 0x0, 0xf, 0xd0, 0x0,
    0xfd, 0x0, 0xf, 0xd0, 0x0, 0xfd, 0x0, 0xf,
    0xd0, 0x0, 0xfd, 0x0, 0xf, 0xd0, 0x0, 0xfd,
    0x0, 0xf, 0xd0, 0x0, 0xfd, 0x0, 0xf, 0xd0,
    0x0, 0xfd, 0x0, 0xf, 0xd0, 0x0, 0xfd, 0x0,
    0xf, 0xd0, 0x1, 0xfd, 0x0, 0x3f, 0xc0, 0xb,
    0xf8, 0xbf, 0xff, 0xb, 0xff, 0xd0, 0x7f, 0xe0,
    0x0,

    /* U+004B "K" */
    0x3f, 0x40, 0x0, 0x7f, 0xc3, 0xf4, 0x0, 0xf,
    0xf0, 0x3f, 0x40, 0x2, 0xfd, 0x3, 0xf4, 0x0,
    0x7f, 0x80, 0x3f, 0x40, 0xf, 0xe0, 0x3, 0xf4,
    0x3, 0xfc, 0x0, 0x3f, 0x40, 0xbf, 0x0, 0x3,
    0xf4, 0x1f, 0xd0, 0x0, 0x3f, 0x43, 0xf4, 0x0,
    0x3, 0xf4, 0xfe, 0x0, 0x0, 0x3f, 0xff, 0xc0,
    0x0, 0x3, 0xff, 0xfd, 0x0, 0x0, 0x3f, 0xff,
    0xf0, 0x0, 0x3, 0xf4, 0xff, 0x80, 0x0, 0x3f,
    0x43, 0xfd, 0x0, 0x3, 0xf4, 0x1f, 0xf0, 0x0,
    0x3f, 0x40, 0xbf, 0xc0, 0x3, 0xf4, 0x3, 0xfe,
    0x0, 0x3f, 0x40, 0xf, 0xf4, 0x3, 0xf4, 0x0,
    0x7f, 0xc0, 0x3f, 0x40, 0x2, 0xff, 0x3, 0xf4,
    0x0, 0xf, 0xf8, 0x3f, 0x40, 0x0, 0x3f, 0xd0,

    /* U+004C "L" */
    0x3f, 0x40, 0x0, 0x3, 0xf4, 0x0, 0x0, 0x3f,
    0x40, 0x0, 0x3, 0xf4, 0x0, 0x0, 0x3f, 0x40,
    0x0, 0x3, 0xf4, 0x0, 0x0, 0x3f, 0x40, 0x0,
    0x3, 0xf4, 0x0, 0x0, 0x3f, 0x40, 0x0, 0x3,
    0xf4, 0x0, 0x0, 0x3f, 0x40, 0x0, 0x3, 0xf4,
    0x0, 0x0, 0x3f, 0x40, 0x0, 0x3, 0xf4, 0x0,
    0x0, 0x3f, 0x40, 0x0, 0x3, 0xf4, 0x0, 0x0,
    0x3f, 0x40, 0x0, 0x3, 0xf4, 0x0, 0x0, 0x3f,
    0x40, 0x0, 0x3, 0xf9, 0x55, 0x54, 0x3f, 0xff,
    0xff, 0xe3, 0xff, 0xff, 0xfe, 0x3f, 0xff, 0xff,
    0xe0,

    /* U+004D "M" */
    0x3f, 0xfc, 0x0, 0x0, 0x7f, 0xf4, 0xff, 0xf0,
    0x0, 0x3, 0xff, 0xd3, 0xff, 0xd0, 0x0, 0xf,
    0xff, 0x4f, 0xff, 0xc0, 0x0, 0xbf, 0xfd, 0x3f,
    0xbf, 0x0, 0x3, 0xfb, 0xf4, 0xfd, 0xfd, 0x0,
    0xf, 0xcf, 0xd3, 0xf5, 0xfc, 0x0, 0xbe, 0x3f,
    0x4f, 0xd3, 0xf0, 0x3, 0xf4, 0xfd, 0x3f, 0x4f,
    0xe0, 0x1f, 0xc3, 0xf4, 0xfd, 0x1f, 0xc0, 0xbe,
    0xf, 0xd3, 0xf4, 0x3f, 0x3, 0xf0, 0x3f, 0x4f,
    0xd0, 0xbe, 0x1f, 0xc0, 0xfd, 0x3f, 0x41, 0xfc,
    0xbd, 0x3, 0xf4, 0xfd, 0x3, 0xf7, 0xf0, 0xf,
    0xd3, 0xf4, 0xb, 0xff, 0x80, 0x3f, 0x4f, 0xd0,
    0xf, 0xfd, 0x0, 0xfd, 0x3f, 0x40, 0x3f, 0xf0,
    0x3, 0xf4, 0xfd, 0x0, 0xbf, 0x80, 0xf, 0xd3,
    0xf4, 0x0, 0x0, 0x0, 0x3f, 0x4f, 0xd0, 0x0,
    0x0, 0x0, 0xfd, 0x3f, 0x40, 0x0, 0x0, 0x3,
    0xf4, 0xfd, 0x0, 0x0, 0x0, 0xf, 0xd3, 0xf4,
    0x0, 0x0, 0x0, 0x3f, 0x40,

    /* U+004E "N" */
    0x3f, 0xf8, 0x0, 0x2, 0xfc, 0x3f, 0xfc, 0x0,
    0x2, 0xfc, 0x3f, 0xfe, 0x0, 0x2, 0xfc, 0x3f,
    0xff, 0x0, 0x2, 0xfc, 0x3f, 0x7f, 0x80, 0x2,
    0xfc, 0x3f, 0x6f, 0xc0, 0x2, 0xfc, 0x3f, 0x4f,
    0xe0, 0x2, 0xfc, 0x3f, 0x4b, 0xf0, 0x2, 0xfc,
    0x3f, 0x43, 0xf8, 0x2, 0xfc, 0x3f, 0x42, 0xfc,
    0x2, 0xfc, 0x3f, 0x40, 0xfe, 0x2, 0xfc, 0x3f,
    0x40, 0xbf, 0x2, 0xfc, 0x3f, 0x40, 0x3f, 0x82,
    0xfc, 0x3f, 0x40, 0x2f, 0xc2, 0xfc, 0x3f, 0x40,
    0xf, 0xe2, 0xfc, 0x3f, 0x40, 0xb, 0xf2, 0xfc,
    0x3f, 0x40, 0x3, 0xfa, 0xfc, 0x3f, 0x40, 0x2,
    0xfe, 0xfc, 0x3f, 0x40, 0x0, 0xff, 0xfc, 0x3f,
    0x40, 0x0, 0xbf, 0xfc, 0x3f, 0x40, 0x0, 0x3f,
    0xfc, 0x3f, 0x40, 0x0, 0x2f, 0xfc, 0x3f, 0x40,
    0x0, 0xf, 0xfc,

    /* U+004F "O" */
    0x0, 0x1b, 0xff, 0xe4, 0x0, 0x1, 0xff, 0xff,
    0xff, 0x0, 0x7, 0xff, 0xff, 0xff, 0xd0, 0xf,
    0xfd, 0x0, 0x7f, 0xf0, 0x2f, 0xe0, 0x0, 0xf,
    0xf8, 0x3f, 0xc0, 0x0, 0x3, 0xfc, 0x7f, 0x40,
    0x0, 0x2, 0xfc, 0xbf, 0x0, 0x0, 0x1, 0xfd,
    0xbf, 0x0, 0x0, 0x1, 0xfd, 0xff, 0x0, 0x0,
    0x0, 0xfe, 0xff, 0x0, 0x0, 0x0, 0xfe, 0xff,
    0x0, 0x0, 0x0, 0xfe, 0xff, 0x0, 0x0, 0x0,
    0xfe, 0xff, 0x0, 0x0, 0x0, 0xfe, 0xbf, 0x0,
    0x0, 0x1, 0xfd, 0xbf, 0x0, 0x0, 0x1, 0xfd,
    0x7f, 0x40, 0x0, 0x2, 0xfc, 0x3f, 0xc0, 0x0,
    0x3, 0xfc, 0x2f, 0xe0, 0x0, 0xf, 0xf8, 0xf,
    0xfd, 0x0, 0x7f, 0xf0, 0x7, 0xff, 0xff, 0xff,
    0xd0, 0x1, 0xff, 0xff, 0xff, 0x40, 0x0, 0x1b,
    0xff, 0xe4, 0x0,

    /* U+0050 "P" */
    0x3f, 0xff, 0xfe, 0x0, 0x3f, 0xff, 0xff, 0xe0,
    0x3f, 0xff, 0xff, 0xf8, 0x3f, 0x40, 0x1b, 0xfc,
    0x3f, 0x40, 0x2, 0xfe, 0x3f, 0x40, 0x0, 0xfe,
    0x3f, 0x40, 0x0, 0xff, 0x3f, 0x40, 0x0, 0xff,
    0x3f, 0x40, 0x0, 0xff, 0x3f, 0x40, 0x0, 0xfe,
    0x3f, 0x40, 0x2, 0xfd, 0x3f, 0x40, 0x1b, 0xfc,
    0x3f, 0xff, 0xff, 0xf4, 0x3f, 0xff, 0xff, 0xe0,
    0x3f, 0xff, 0xfe, 0x0, 0x3f, 0x40, 0x0, 0x0,
    0x3f, 0x40, 0x0, 0x0, 0x3f, 0x40, 0x0, 0x0,
    0x3f, 0x40, 0x0, 0x0, 0x3f, 0x40, 0x0, 0x0,
    0x3f, 0x40, 0x0, 0x0, 0x3f, 0x40, 0x0, 0x0,
    0x3f, 0x40, 0x0, 0x0,

    /* U+0051 "Q" */
    0x0, 0x1b, 0xff, 0xe4, 0x0, 0x1, 0xff, 0xff,
    0xff, 0x0, 0x7, 0xff, 0xff, 0xff, 0xd0, 0xf,
    0xfd, 0x0, 0x7f, 0xf0, 0x2f, 0xe0, 0x0, 0xf,
    0xf4, 0x3f, 0xc0, 0x0, 0x3, 0xfc, 0x7f, 0x40,
    0x0, 0x2, 0xfc, 0xbf, 0x0, 0x0, 0x1, 0xfd,
    0xbf, 0x0, 0x0, 0x1, 0xfd, 0xff, 0x0, 0x0,
    0x0, 0xfe, 0xff, 0x0, 0x0, 0x0, 0xfe, 0xff,
    0x0, 0x0, 0x0, 0xfe, 0xff, 0x0, 0x0, 0x0,
    0xfe, 0xff, 0x0, 0x0, 0x0, 0xfe, 0xbf, 0x0,
    0x0, 0x1, 0xfd, 0xbf, 0x0, 0x0, 0x1, 0xfd,
    0x7f, 0x40, 0x0, 0x2, 0xfc, 0x3f, 0xc0, 0x0,
    0x3, 0xfc, 0x2f, 0xe0, 0x0, 0xf, 0xf8, 0xf,
    0xfd, 0x0, 0x7f, 0xf0, 0x7, 0xff, 0xff, 0xff,
    0xd0, 0x1, 0xff, 0xff, 0xff, 0x40, 0x0, 0x1b,
    0xff, 0xf4, 0x0, 0x0, 0x0, 0xb, 0xf0, 0x0,
    0x0, 0x0, 0x3, 0xfc, 0x0, 0x0, 0x0, 0x1,
    0xfe, 0x0, 0x0, 0x0, 0x0, 0xbf, 0x40, 0x0,
    0x0, 0x0, 0x2a, 0x40,

    /* U+0052 "R" */
    0x3f, 0xff, 0xf9, 0x0, 0x3, 0xff, 0xff, 0xfd,
    0x0, 0x3f, 0xff, 0xff, 0xf4, 0x3, 0xf4, 0x1,
    0xbf, 0xc0, 0x3f, 0x40, 0x2, 0xfd, 0x3, 0xf4,
    0x0, 0xf, 0xe0, 0x3f, 0x40, 0x0, 0xfe, 0x3,
    0xf4, 0x0, 0xf, 0xe0, 0x3f, 0x40, 0x0, 0xfe,
    0x3, 0xf4, 0x0, 0x2f, 0xd0, 0x3f, 0x40, 0xb,
    0xfc, 0x3, 0xff, 0xff, 0xff, 0x40, 0x3f, 0xff,
    0xff, 0xd0, 0x3, 0xff, 0xff, 0xe0, 0x0, 0x3f,
    0x40, 0xff, 0x0, 0x3, 0xf4, 0x7, 0xf8, 0x0,
    0x3f, 0x40, 0x2f, 0xc0, 0x3, 0xf4, 0x0, 0xff,
    0x0, 0x3f, 0x40, 0x7, 0xf8, 0x3, 0xf4, 0x0,
    0x3f, 0xd0, 0x3f, 0x40, 0x0, 0xff, 0x3, 0xf4,
    0x0, 0x7, 0xf8, 0x3f, 0x40, 0x0, 0x3f, 0xd0,

    /* U+0053 "S" */
    0x0, 0x6f, 0xff, 0x90, 0x3, 0xff, 0xff, 0xf4,
    0xf, 0xff, 0xff, 0xf4, 0x1f, 0xf4, 0x5, 0xb4,
    0x3f, 0xc0, 0x0, 0x0, 0x3f, 0x80, 0x0, 0x0,
    0x3f, 0x80, 0x0, 0x0, 0x3f, 0xc0, 0x0, 0x0,
    0x2f, 0xe0, 0x0, 0x0, 0x1f, 0xfe, 0x40, 0x0,
    0x7, 0xff, 0xfe, 0x0, 0x0, 0xbf, 0xff, 0xd0,
    0x0, 0x6, 0xff, 0xf4, 0x0, 0x0, 0xb, 0xfc,
    0x0, 0x0, 0x2, 0xfd, 0x0, 0x0, 0x0, 0xfd,
    0x0, 0x0, 0x0, 0xfd, 0x0, 0x0, 0x0, 0xfd,
    0x0, 0x0, 0x2, 0xfc, 0x3a, 0x50, 0x5f, 0xfc,
    0x3f, 0xff, 0xff, 0xf4, 0x3f, 0xff, 0xff, 0xd0,
    0x1a, 0xff, 0xf9, 0x0,

    /* U+0054 "T" */
    0x7f, 0xff, 0xff, 0xff, 0x9f, 0xff, 0xff, 0xff,
    0xe7, 0xff, 0xff, 0xff, 0xf8, 0x0, 0x1f, 0xe0,
    0x0, 0x0, 0x3, 0xf4, 0x0, 0x0, 0x0, 0xfd,
    0x0, 0x0, 0x0, 0x3f, 0x40, 0x0, 0x0, 0xf,
    0xd0, 0x0, 0x0, 0x3, 0xf4, 0x0, 0x0, 0x0,
    0xfd, 0x0, 0x0, 0x0, 0x3f, 0x40, 0x0, 0x0,
    0xf, 0xd0, 0x0, 0x0, 0x3, 0xf4, 0x0, 0x0,
    0x0, 0xfd, 0x0, 0x0, 0x0, 0x3f, 0x40, 0x0,
    0x0, 0xf, 0xd0, 0x0, 0x0, 0x3, 0xf4, 0x0,
    0x0, 0x0, 0xfd, 0x0, 0x0, 0x0, 0x3f, 0x40,
    0x0, 0x0, 0xf, 0xd0, 0x0, 0x0, 0x3, 0xf4,
    0x0, 0x0, 0x0, 0xfd, 0x0, 0x0, 0x0, 0x3f,
    0x40, 0x0,

    /* U+0055 "U" */
    0x7f, 0x40, 0x0, 0x7, 0xf1, 0xfd, 0x0, 0x0,
    0x1f, 0xc7, 0xf4, 0x0, 0x0, 0x7f, 0x1f, 0xd0,
    0x0, 0x1, 0xfc, 0x7f, 0x40, 0x0, 0x7, 0xf1,
    0xfd, 0x0, 0x0, 0x1f, 0xc7, 0xf4, 0x0, 0x0,
    0x7f, 0x1f, 0xd0, 0x0, 0x1, 0xfc, 0x7f, 0x40,
    0x0, 0x7, 0xf1, 0xfd, 0x0, 0x0, 0x1f, 0xc7,
    0xf4, 0x0, 0x0, 0x7f, 0x1f, 0xd0, 0x0, 0x1,
    0xfc, 0x7f, 0x40, 0x0, 0x7, 0xf1, 0xfd, 0x0,
    0x0, 0x1f, 0xc7, 0xf4, 0x0, 0x0, 0x7f, 0x1f,
    0xd0, 0x0, 0x2, 0xfc, 0x3f, 0x40, 0x0, 0xb,
    0xf0, 0xfe, 0x0, 0x0, 0x3f, 0xc3, 0xfd, 0x0,
    0x1, 0xfe, 0x7, 0xfe, 0x51, 0x6f, 0xf0, 0xf,
    0xff, 0xff, 0xff, 0x80, 0xb, 0xff, 0xff, 0xf4,
    0x0, 0x2, 0xbf, 0xf9, 0x0, 0x0,

    /* U+0056 "V" */
    0x7f, 0x80, 0x0, 0x0, 0xbf, 0xf, 0xf0, 0x0,
    0x0, 0x3f, 0x82, 0xfc, 0x0, 0x0, 0xf, 0xd0,
    0x7f, 0x40, 0x0, 0xb, 0xf0, 0xf, 0xf0, 0x0,
    0x3, 0xf8, 0x2, 0xfc, 0x0, 0x0, 0xfd, 0x0,
    0x7f, 0x40, 0x0, 0xbf, 0x0, 0xf, 0xe0, 0x0,
    0x3f, 0x80, 0x2, 0xfc, 0x0, 0xf, 0xd0, 0x0,
    0x7f, 0x40, 0x7, 0xf0, 0x0, 0xf, 0xe0, 0x3,
    0xf8, 0x0, 0x2, 0xfc, 0x0, 0xfd, 0x0, 0x0,
    0x7f, 0x40, 0x7f, 0x0, 0x0, 0xf, 0xe0, 0x2f,
    0x80, 0x0, 0x2, 0xfc, 0xf, 0xd0, 0x0, 0x0,
    0x7f, 0x7, 0xf0, 0x0, 0x0, 0xf, 0xe2, 0xf8,
    0x0, 0x0, 0x3, 0xfc, 0xfd, 0x0, 0x0, 0x0,
    0x7f, 0x7f, 0x0, 0x0, 0x0, 0xf, 0xff, 0x80,
    0x0, 0x0, 0x3, 0xff, 0xd0, 0x0, 0x0, 0x0,
    0x7f, 0xf0, 0x0, 0x0, 0x0, 0xf, 0xf8, 0x0,
    0x0,

    /* U+0057 "W" */
    0x3f, 0x80, 0x0, 0x0, 0x0, 0x0, 0x3f, 0x4f,
    0xf0, 0x0, 0x0, 0x0, 0x0, 0x1f, 0xc2, 0xfc,
    0x0, 0x1, 0x54, 0x0, 0xb, 0xf0, 0x7f, 0x0,
    0x2, 0xff, 0x0, 0x3, 0xfc, 0x1f, 0xd0, 0x0,
    0xff, 0xd0, 0x0, 0xfe, 0x3, 0xf8, 0x0, 0x3f,
    0xf8, 0x0, 0x3f, 0x40, 0xff, 0x0, 0x1f, 0xff,
    0x0, 0x1f, 0xc0, 0x2f, 0xc0, 0xb, 0xdf, 0xc0,
    0xb, 0xf0, 0x7, 0xf4, 0x3, 0xf3, 0xf4, 0x3,
    0xf8, 0x0, 0xfd, 0x0, 0xfc, 0xbe, 0x0, 0xfd,
    0x0, 0x3f, 0x80, 0x7e, 0x1f, 0xc0, 0x7f, 0x0,
    0xb, 0xf0, 0x2f, 0x43, 0xf0, 0x1f, 0xc0, 0x2,
    0xfc, 0xf, 0xc0, 0xfd, 0xb, 0xf0, 0x0, 0x7f,
    0x43, 0xf0, 0x2f, 0x83, 0xf8, 0x0, 0xf, 0xd1,
    0xf8, 0x7, 0xf0, 0xfd, 0x0, 0x3, 0xf8, 0xbd,
    0x0, 0xfc, 0x7f, 0x0, 0x0, 0xbf, 0x3f, 0x0,
    0x3f, 0x5f, 0xc0, 0x0, 0x1f, 0xdf, 0x80, 0xb,
    0xeb, 0xe0, 0x0, 0x3, 0xff, 0xd0, 0x1, 0xff,
    0xf4, 0x0, 0x0, 0xff, 0xf0, 0x0, 0x3f, 0xfc,
    0x0, 0x0, 0x3f, 0xfc, 0x0, 0xf, 0xff, 0x0,
    0x0, 0xb, 0xfe, 0x0, 0x2, 0xff, 0x80, 0x0,
    0x1, 0xff, 0x40, 0x0, 0x7f, 0xe0, 0x0,

    /* U+0058 "X" */
    0x1f, 0xe0, 0x0, 0x2, 0xfd, 0xf, 0xf0, 0x0,
    0x3, 0xfc, 0x7, 0xfc, 0x0, 0xb, 0xf0, 0x2,
    0xfd, 0x0, 0x1f, 0xe0, 0x0, 0xff, 0x0, 0x3f,
    0xc0, 0x0, 0xbf, 0x40, 0x7f, 0x40, 0x0, 0x3f,
    0xc0, 0xff, 0x0, 0x0, 0x1f, 0xe2, 0xfc, 0x0,
    0x0, 0xf, 0xf7, 0xf8, 0x0, 0x0, 0x3, 0xff,
    0xf0, 0x0, 0x0, 0x2, 0xff, 0xd0, 0x0, 0x0,
    0x1, 0xff, 0xc0, 0x0, 0x0, 0x3, 0xff, 0xf0,
    0x0, 0x0, 0xb, 0xff, 0xf4, 0x0, 0x0, 0xf,
    0xf3, 0xfc, 0x0, 0x0, 0x3f, 0xc1, 0xfe, 0x0,
    0x0, 0x7f, 0x80, 0xff, 0x0, 0x0, 0xff, 0x0,
    0x7f, 0x80, 0x2, 0xfd, 0x0, 0x2f, 0xd0, 0x3,
    0xfc, 0x0, 0xf, 0xf0, 0xf, 0xf0, 0x0, 0xb,
    0xf8, 0x1f, 0xe0, 0x0, 0x3, 0xfc, 0x3f, 0xc0,
    0x0, 0x2, 0xfe,

    /* U+0059 "Y" */
    0xbf, 0x80, 0x0, 0x2, 0xfd, 0x3f, 0xc0, 0x0,
    0x3, 0xf8, 0x1f, 0xe0, 0x0, 0xf, 0xf0, 0xf,
    0xf4, 0x0, 0x1f, 0xe0, 0x3, 0xfc, 0x0, 0x3f,
    0xc0, 0x2, 0xfd, 0x0, 0x7f, 0x40, 0x0, 0xff,
    0x0, 0xff, 0x0, 0x0, 0x7f, 0x82, 0xfc, 0x0,
    0x0, 0x3f, 0xc3, 0xf8, 0x0, 0x0, 0xf, 0xeb,
    0xf0, 0x0, 0x0, 0xb, 0xff, 0xd0, 0x0, 0x0,
    0x3, 0xff, 0xc0, 0x0, 0x0, 0x1, 0xff, 0x0,
    0x0, 0x0, 0x0, 0xfe, 0x0, 0x0, 0x0, 0x0,
    0xfe, 0x0, 0x0, 0x0, 0x0, 0xfe, 0x0, 0x0,
    0x0, 0x0, 0xfe, 0x0, 0x0, 0x0, 0x0, 0xfe,
    0x0, 0x0, 0x0, 0x0, 0xfe, 0x0, 0x0, 0x0,
    0x0, 0xfe, 0x0, 0x0, 0x0, 0x0, 0xfe, 0x0,
    0x0, 0x0, 0x0, 0xfe, 0x0, 0x0, 0x0, 0x0,
    0xfe, 0x0, 0x0,

    /* U+005A "Z" */
    0x2f, 0xff, 0xff, 0xff, 0xc2, 0xff, 0xff, 0xff,
    0xfc, 0x2f, 0xff, 0xff, 0xff, 0xc0, 0x55, 0x55,
    0x5b, 0xfc, 0x0, 0x0, 0x0, 0xff, 0x40, 0x0,
    0x0, 0x2f, 0xe0, 0x0, 0x0, 0x7, 0xfc, 0x0,
    0x0, 0x0, 0xff, 0x0, 0x0, 0x0, 0x3f, 0xd0,
    0x0, 0x0, 0xb, 0xf8, 0x0, 0x0, 0x1, 0xff,
    0x0, 0x0, 0x0, 0x3f, 0xc0, 0x0, 0x0, 0xf,
    0xf4, 0x0, 0x0, 0x2, 0xfe, 0x0, 0x0, 0x0,
    0x7f, 0xc0, 0x0, 0x0, 0xf, 0xf0, 0x0, 0x0,
    0x3, 0xfd, 0x0, 0x0, 0x0, 0xbf, 0x80, 0x0,
    0x0, 0x1f, 0xf0, 0x0, 0x0, 0x3, 0xfd, 0x55,
    0x55, 0x55, 0x3f, 0xff, 0xff, 0xff, 0xf3, 0xff,
    0xff, 0xff, 0xff, 0x3f, 0xff, 0xff, 0xff, 0xf0,

    /* U+005B "[" */
    0xff, 0xff, 0xff, 0xff, 0xff, 0xff, 0x80, 0xfe,
    0x3, 0xf8, 0xf, 0xe0, 0x3f, 0x80, 0xfe, 0x3,
    0xf8, 0xf, 0xe0, 0x3f, 0x80, 0xfe, 0x3, 0xf8,
    0xf, 0xe0, 0x3f, 0x80, 0xfe, 0x3, 0xf8, 0xf,
    0xe0, 0x3f, 0x80, 0xfe, 0x3, 0xf8, 0xf, 0xe0,
    0x3f, 0x80, 0xfe, 0x3, 0xf8, 0xf, 0xe0, 0x3f,
    0x80, 0xfe, 0x3, 0xff, 0xff, 0xff, 0xff, 0xff,

    /* U+005C "\\" */
    0x3f, 0x0, 0x0, 0x0, 0x2f, 0x0, 0x0, 0x0,
    0x1f, 0x80, 0x0, 0x0, 0xf, 0xc0, 0x0, 0x0,
    0x7, 0xd0, 0x0, 0x0, 0x3, 0xf0, 0x0, 0x0,
    0x2, 0xf4, 0x0, 0x0, 0x0, 0xfc, 0x0, 0x0,
    0x0, 0xbc, 0x0, 0x0, 0x0, 0x7e, 0x0, 0x0,
    0x0, 0x3f, 0x0, 0x0, 0x0, 0x1f, 0x80, 0x0,
    0x0, 0xf, 0xc0, 0x0, 0x0, 0xb, 0xd0, 0x0,
    0x0, 0x3, 0xf0, 0x0, 0x0, 0x2, 0xf0, 0x0,
    0x0, 0x1, 0xf8, 0x0, 0x0, 0x0, 0xfc, 0x0,
    0x0, 0x0, 0x7e, 0x0, 0x0, 0x0, 0x3f, 0x0,
    0x0, 0x0, 0x2f, 0x40, 0x0, 0x0, 0xf, 0xc0,
    0x0, 0x0, 0xb, 0xc0, 0x0, 0x0, 0x3, 0xe0,
    0x0, 0x0, 0x3, 0xf0, 0x0, 0x0, 0x1, 0xf8,
    0x0, 0x0, 0x0, 0xfc, 0x0, 0x0, 0x0, 0xbd,

    /* U+005D "]" */
    0x3f, 0xfe, 0x3f, 0xfe, 0x3f, 0xfe, 0x0, 0xfe,
    0x0, 0xfe, 0x0, 0xfe, 0x0, 0xfe, 0x0, 0xfe,
    0x0, 0xfe, 0x0, 0xfe, 0x0, 0xfe, 0x0, 0xfe,
    0x0, 0xfe, 0x0, 0xfe, 0x0, 0xfe, 0x0, 0xfe,
    0x0, 0xfe, 0x0, 0xfe, 0x0, 0xfe, 0x0, 0xfe,
    0x0, 0xfe, 0x0, 0xfe, 0x0, 0xfe, 0x0, 0xfe,
    0x0, 0xfe, 0x0, 0xfe, 0x0, 0xfe, 0x0, 0xfe,
    0x0, 0xfe, 0x3f, 0xfe, 0x3f, 0xfe, 0x3f, 0xfe,

    /* U+005E "^" */
    0x0, 0xa, 0xa0, 0x0, 0x0, 0x1f, 0xf8, 0x0,
    0x0, 0x3f, 0xfc, 0x0, 0x0, 0x7e, 0xfd, 0x0,
    0x0, 0xbd, 0x7e, 0x0, 0x0, 0xfc, 0x3f, 0x0,
    0x1, 0xf8, 0x2f, 0x40, 0x3, 0xf0, 0xf, 0xc0,
    0x7, 0xf0, 0xf, 0xd0, 0xb, 0xd0, 0x7, 0xe0,
    0xf, 0xc0, 0x3, 0xf0, 0x1f, 0x80, 0x2, 0xf4,
    0x3f, 0x40, 0x1, 0xfc,

    /* U+005F "_" */
    0xaa, 0xaa, 0xaa, 0xaa, 0xff, 0xff, 0xff, 0xff,
    0xff, 0xff, 0xff, 0xff,

    /* U+0060 "`" */
    0x1a, 0x40, 0xf, 0xe0, 0x7, 0xf0, 0x1, 0xfc,
    0x0, 0x7d,

    /* U+0061 "a" */
    0x0, 0x3f, 0xfe, 0x40, 0x0, 0x7f, 0xff, 0xf4,
    0x0, 0x7f, 0xff, 0xfc, 0x0, 0x0, 0x2, 0xfe,
    0x0, 0x0, 0x0, 0xff, 0x0, 0x0, 0x0, 0xbf,
    0x0, 0x0, 0x0, 0xbf, 0x1, 0xbf, 0xff, 0xff,
    0xb, 0xff, 0xff, 0xff, 0x2f, 0xfa, 0xaa, 0xff,
    0x3f, 0x80, 0x0, 0xbf, 0x7f, 0x0, 0x0, 0xbf,
    0x7f, 0x0, 0x0, 0xbf, 0x7f, 0x0, 0x1, 0xff,
    0x3f, 0xc0, 0xb, 0xff, 0x3f, 0xff, 0xff, 0xbf,
    0xf, 0xff, 0xfd, 0x7f, 0x1, 0xff, 0xd0, 0x3f,

    /* U+0062 "b" */
    0x7f, 0x0, 0x0, 0x0, 0x1f, 0xc0, 0x0, 0x0,
    0x7, 0xf0, 0x0, 0x0, 0x1, 0xfc, 0x0, 0x0,
    0x0, 0x7f, 0x0, 0x0, 0x0, 0x1f, 0xc0, 0x0,
    0x0, 0x7, 0xf0, 0x0, 0x0, 0x1, 0xfc, 0x1b,
    0xfe, 0x0, 0x7f, 0x2f, 0xff, 0xf4, 0x1f, 0xef,
    0xff, 0xff, 0x7, 0xff, 0x0, 0x2f, 0xe1, 0xff,
    0x0, 0x3, 0xfc, 0x7f, 0x40, 0x0, 0x7f, 0x5f,
    0xc0, 0x0, 0xf, 0xe7, 0xf0, 0x0, 0x3, 0xf9,
    0xfc, 0x0, 0x0, 0xfe, 0x7f, 0x0, 0x0, 0x3f,
    0x9f, 0xc0, 0x0, 0xf, 0xe7, 0xf0, 0x0, 0x3,
    0xf5, 0xfe, 0x0, 0x1, 0xfd, 0x7f, 0xc0, 0x0,
    0xff, 0x1f, 0xfd, 0x0, 0xbf, 0x87, 0xfb, 0xff,
    0xff, 0xc1, 0xfc, 0xff, 0xff, 0xd0, 0x7f, 0x7,
    0xff, 0x80, 0x0,

    /* U+0063 "c" */
    0x0, 0x2f, 0xff, 0x80, 0x2f, 0xff, 0xfd, 0xb,
    0xff, 0xff, 0xd1, 0xff, 0x40, 0x5, 0x2f, 0xd0,
    0x0, 0x3, 0xfc, 0x0, 0x0, 0x3f, 0x80, 0x0,
    0x3, 0xf4, 0x0, 0x0, 0x3f, 0x40, 0x0, 0x7,
    0xf4, 0x0, 0x0, 0x3f, 0x40, 0x0, 0x3, 0xf8,
    0x0, 0x0, 0x3f, 0xc0, 0x0, 0x2, 0xfd, 0x0,
    0x0, 0x1f, 0xf8, 0x0, 0x50, 0xbf, 0xff, 0xfe,
    0x2, 0xff, 0xff, 0xe0, 0x2, 0xff, 0xf8,

    /* U+0064 "d" */
    0x0, 0x0, 0x0, 0x2f, 0x80, 0x0, 0x0, 0xb,
    0xe0, 0x0, 0x0, 0x2, 0xf8, 0x0, 0x0, 0x0,
    0xbe, 0x0, 0x0, 0x0, 0x2f, 0x80, 0x0, 0x0,
    0xb, 0xe0, 0x0, 0x0, 0x2, 0xf8, 0x1, 0xbf,
    0xe0, 0xbe, 0x3, 0xff, 0xff, 0x6f, 0x82, 0xff,
    0xff, 0xff, 0xe0, 0xff, 0x40, 0x2f, 0xf8, 0xbf,
    0x0, 0x2, 0xfe, 0x3f, 0x80, 0x0, 0x3f, 0x8f,
    0xe0, 0x0, 0xf, 0xe3, 0xf4, 0x0, 0x2, 0xf8,
    0xfd, 0x0, 0x0, 0xbe, 0x3f, 0x40, 0x0, 0x2f,
    0x8f, 0xd0, 0x0, 0xb, 0xe3, 0xf8, 0x0, 0x3,
    0xf8, 0xfe, 0x0, 0x0, 0xfe, 0x2f, 0xc0, 0x0,
    0xbf, 0x87, 0xfd, 0x0, 0xbf, 0xe0, 0xff, 0xff,
    0xfe, 0xf8, 0xf, 0xff, 0xfd, 0xbe, 0x0, 0x6f,
    0xf8, 0x1f, 0x80,

    /* U+0065 "e" */
    0x0, 0x2f, 0xfe, 0x40, 0x2, 0xff, 0xff, 0xe0,
    0xb, 0xff, 0xff, 0xf8, 0x1f, 0xf0, 0x2, 0xfc,
    0x2f, 0xc0, 0x0, 0xfd, 0x3f, 0x80, 0x0, 0xbe,
    0x3f, 0x40, 0x0, 0x7f, 0x3f, 0x55, 0xaa, 0xff,
    0x7f, 0xff, 0xff, 0xff, 0x7f, 0xff, 0xff, 0xfe,
    0x3f, 0x40, 0x0, 0x0, 0x3f, 0x40, 0x0, 0x0,
    0x3f, 0x80, 0x0, 0x0, 0x2f, 0xd0, 0x0, 0x0,
    0x1f, 0xf8, 0x0, 0x6c, 0xb, 0xff, 0xff, 0xfc,
    0x2, 0xff, 0xff, 0xfc, 0x0, 0x2f, 0xff, 0x90,

    /* U+0066 "f" */
    0x0, 0xb, 0xfd, 0x0, 0x3f, 0xfd, 0x0, 0xff,
    0xed, 0x1, 0xfd, 0x0, 0x2, 0xfc, 0x0, 0x2,
    0xfc, 0x0, 0x2, 0xfc, 0x0, 0x7f, 0xff, 0xf8,
    0x7f, 0xff, 0xf8, 0x7f, 0xff, 0xf4, 0x2, 0xfc,
    0x0, 0x2, 0xfc, 0x0, 0x2, 0xfc, 0x0, 0x2,
    0xfc, 0x0, 0x2, 0xfc, 0x0, 0x2, 0xfc, 0x0,
    0x2, 0xfc, 0x0, 0x2, 0xfc, 0x0, 0x2, 0xfc,
    0x0, 0x2, 0xfc, 0x0, 0x2, 0xfc, 0x0, 0x2,
    0xfc, 0x0, 0x2, 0xfc, 0x0, 0x2, 0xfc, 0x0,
    0x2, 0xfc, 0x0,

    /* U+0067 "g" */
    0x0, 0x6f, 0xf8, 0x2f, 0x80, 0xff, 0xff, 0xdb,
    0xe0, 0xbf, 0xff, 0xfe, 0xf8, 0x3f, 0xd0, 0xb,
    0xfe, 0x2f, 0xc0, 0x0, 0xbf, 0x8f, 0xe0, 0x0,
    0xf, 0xe3, 0xf8, 0x0, 0x3, 0xf8, 0xfd, 0x0,
    0x0, 0xbe, 0x3f, 0x40, 0x0, 0x2f, 0x8f, 0xd0,
    0x0, 0xb, 0xe3, 0xf4, 0x0, 0x2, 0xf8, 0xfe,
    0x0, 0x0, 0xfe, 0x3f, 0x80, 0x0, 0x3f, 0x8b,
    0xf0, 0x0, 0x1f, 0xe1, 0xff, 0x0, 0x1f, 0xf8,
    0x3f, 0xff, 0xff, 0xfe, 0x3, 0xff, 0xff, 0x6f,
    0x80, 0x1b, 0xfe, 0xf, 0xe0, 0x0, 0x0, 0x3,
    0xf8, 0x0, 0x0, 0x0, 0xfd, 0x0, 0x0, 0x0,
    0xbf, 0x0, 0x0, 0x1, 0xff, 0x80, 0x2f, 0xff,
    0xff, 0xc0, 0xb, 0xff, 0xff, 0x80, 0x1, 0xbf,
    0xfe, 0x0, 0x0,

    /* U+0068 "h" */
    0x7f, 0x0, 0x0, 0x0, 0x7f, 0x0, 0x0, 0x0,
    0x7f, 0x0, 0x0, 0x0, 0x7f, 0x0, 0x0, 0x0,
    0x7f, 0x0, 0x0, 0x0, 0x7f, 0x0, 0x0, 0x0,
    0x7f, 0x0, 0x0, 0x0, 0x7f, 0x6, 0xff, 0x80,
    0x7f, 0x3f, 0xff, 0xf0, 0x7f, 0xff, 0xff, 0xf8,
    0x7f, 0xf4, 0x7, 0xfc, 0x7f, 0xc0, 0x1, 0xfd,
    0x7f, 0x40, 0x0, 0xfd, 0x7f, 0x0, 0x0, 0xfd,
    0x7f, 0x0, 0x0, 0xfd, 0x7f, 0x0, 0x0, 0xfd,
    0x7f, 0x0, 0x0, 0xfd, 0x7f, 0x0, 0x0, 0xfd,
    0x7f, 0x0, 0x0, 0xfd, 0x7f, 0x0, 0x0, 0xfd,
    0x7f, 0x0, 0x0, 0xfd, 0x7f, 0x0, 0x0, 0xfd,
    0x7f, 0x0, 0x0, 0xfd, 0x7f, 0x0, 0x0, 0xfd,
    0x7f, 0x0, 0x0, 0xfd,

    /* U+0069 "i" */
    0x7f, 0x2f, 0xdb, 0xf4, 0xfc, 0x0, 0x0, 0x0,
    0x1, 0xfc, 0x7f, 0x1f, 0xc7, 0xf1, 0xfc, 0x7f,
    0x1f, 0xc7, 0xf1, 0xfc, 0x7f, 0x1f, 0xc7, 0xf1,
    0xfc, 0x7f, 0x1f, 0xc7, 0xf1, 0xfc, 0x7f, 0x0,

    /* U+006A "j" */
    0x0, 0x1f, 0xc0, 0x2, 0xfd, 0x0, 0x2f, 0xd0,
    0x0, 0xfc, 0x0, 0x0, 0x0, 0x0, 0x0, 0x0,
    0x0, 0x0, 0x1, 0xfc, 0x0, 0x1f, 0xc0, 0x1,
    0xfc, 0x0, 0x1f, 0xc0, 0x1, 0xfc, 0x0, 0x1f,
    0xc0, 0x1, 0xfc, 0x0, 0x1f, 0xc0, 0x1, 0xfc,
    0x0, 0x1f, 0xc0, 0x1, 0xfc, 0x0, 0x1f, 0xc0,
    0x1, 0xfc, 0x0, 0x1f, 0xc0, 0x1, 0xfc, 0x0,
    0x1f, 0xc0, 0x1, 0xfc, 0x0, 0x1f, 0xc0, 0x1,
    0xfc, 0x0, 0x1f, 0xc0, 0x2, 0xfc, 0x0, 0x3f,
    0x83, 0xff, 0xf4, 0x3f, 0xfe, 0x3, 0xfe, 0x40,

    /* U+006B "k" */
    0x7f, 0x0, 0x0, 0x0, 0x7f, 0x0, 0x0, 0x0,
    0x7f, 0x0, 0x0, 0x0, 0x7f, 0x0, 0x0, 0x0,
    0x7f, 0x0, 0x0, 0x0, 0x7f, 0x0, 0x0, 0x0,
    0x7f, 0x0, 0x0, 0x0, 0x7f, 0x0, 0xf, 0xf4,
    0x7f, 0x0, 0x2f, 0xd0, 0x7f, 0x0, 0x7f, 0x80,
    0x7f, 0x0, 0xff, 0x0, 0x7f, 0x3, 0xfc, 0x0,
    0x7f, 0xb, 0xf0, 0x0, 0x7f, 0x1f, 0xd0, 0x0,
    0x7f, 0xff, 0x80, 0x0, 0x7f, 0xff, 0x0, 0x0,
    0x7f, 0xff, 0x80, 0x0, 0x7f, 0x2f, 0xd0, 0x0,
    0x7f, 0xf, 0xf0, 0x0, 0x7f, 0x3, 0xfc, 0x0,
    0x7f, 0x1, 0xfe, 0x0, 0x7f, 0x0, 0xff, 0x40,
    0x7f, 0x0, 0x3f, 0xc0, 0x7f, 0x0, 0x1f, 0xf0,
    0x7f, 0x0, 0xb, 0xf8,

    /* U+006C "l" */
    0x7f, 0x1, 0xfc, 0x7, 0xf0, 0x1f, 0xc0, 0x7f,
    0x1, 0xfc, 0x7, 0xf0, 0x1f, 0xc0, 0x7f, 0x1,
    0xfc, 0x7, 0xf0, 0x1f, 0xc0, 0x7f, 0x1, 0xfc,
    0x7, 0xf0, 0x1f, 0xc0, 0x7f, 0x1, 0xfc, 0x7,
    0xf0, 0x1f, 0xc0, 0x7f, 0x1, 0xfd, 0x3, 0xff,
    0xcb, 0xff, 0xb, 0xf8,

    /* U+006D "m" */
    0x7f, 0xb, 0xfe, 0x0, 0x7f, 0xe4, 0x7, 0xf7,
    0xff, 0xfd, 0x3f, 0xff, 0xe0, 0x7f, 0xff, 0xff,
    0xff, 0xff, 0xff, 0x47, 0xfe, 0x40, 0xff, 0xf4,
    0x7, 0xfc, 0x7f, 0xc0, 0x3, 0xfd, 0x0, 0x2f,
    0xc7, 0xf4, 0x0, 0x3f, 0xc0, 0x1, 0xfc, 0x7f,
    0x0, 0x3, 0xf8, 0x0, 0x1f, 0xc7, 0xf0, 0x0,
    0x3f, 0x80, 0x1, 0xfc, 0x7f, 0x0, 0x3, 0xf8,
    0x0, 0x1f, 0xc7, 0xf0, 0x0, 0x3f, 0x80, 0x1,
    0xfc, 0x7f, 0x0, 0x3, 0xf8, 0x0, 0x1f, 0xc7,
    0xf0, 0x0, 0x3f, 0x80, 0x1, 0xfc, 0x7f, 0x0,
    0x3, 0xf8, 0x0, 0x1f, 0xc7, 0xf0, 0x0, 0x3f,
    0x80, 0x1, 0xfc, 0x7f, 0x0, 0x3, 0xf8, 0x0,
    0x1f, 0xc7, 0xf0, 0x0, 0x3f, 0x80, 0x1, 0xfc,
    0x7f, 0x0, 0x3, 0xf8, 0x0, 0x1f, 0xc7, 0xf0,
    0x0, 0x3f, 0x80, 0x1, 0xfc,

    /* U+006E "n" */
    0x7f, 0x6, 0xff, 0x80, 0x7f, 0x3f, 0xff, 0xf0,
    0x7f, 0xff, 0xff, 0xf8, 0x7f, 0xf4, 0x7, 0xfc,
    0x7f, 0xc0, 0x1, 0xfd, 0x7f, 0x40, 0x0, 0xfd,
    0x7f, 0x0, 0x0, 0xfd, 0x7f, 0x0, 0x0, 0xfd,
    0x7f, 0x0, 0x0, 0xfd, 0x7f, 0x0, 0x0, 0xfd,
    0x7f, 0x0, 0x0, 0xfd, 0x7f, 0x0, 0x0, 0xfd,
    0x7f, 0x0, 0x0, 0xfd, 0x7f, 0x0, 0x0, 0xfd,
    0x7f, 0x0, 0x0, 0xfd, 0x7f, 0x0, 0x0, 0xfd,
    0x7f, 0x0, 0x0, 0xfd, 0x7f, 0x0, 0x0, 0xfd,

    /* U+006F "o" */
    0x0, 0x2f, 0xfe, 0x40, 0x0, 0x2f, 0xff, 0xff,
    0x40, 0xb, 0xff, 0xff, 0xfd, 0x1, 0xff, 0x0,
    0x1f, 0xf0, 0x2f, 0xc0, 0x0, 0x7f, 0x43, 0xf8,
    0x0, 0x3, 0xf8, 0x3f, 0x40, 0x0, 0x2f, 0xc3,
    0xf4, 0x0, 0x2, 0xfc, 0x3f, 0x40, 0x0, 0x2f,
    0xc7, 0xf4, 0x0, 0x2, 0xfc, 0x3f, 0x40, 0x0,
    0x2f, 0xc3, 0xf4, 0x0, 0x2, 0xfc, 0x3f, 0x80,
    0x0, 0x3f, 0x82, 0xfc, 0x0, 0x7, 0xf4, 0x1f,
    0xf4, 0x1, 0xff, 0x0, 0xbf, 0xff, 0xff, 0xd0,
    0x2, 0xff, 0xff, 0xf4, 0x0, 0x2, 0xff, 0xe4,
    0x0,

    /* U+0070 "p" */
    0x7f, 0x6, 0xff, 0x80, 0x1f, 0xcb, 0xff, 0xfd,
    0x7, 0xfb, 0xff, 0xff, 0xc1, 0xff, 0xc0, 0xb,
    0xf8, 0x7f, 0xc0, 0x0, 0xff, 0x1f, 0xd0, 0x0,
    0x1f, 0xd7, 0xf0, 0x0, 0x3, 0xf9, 0xfc, 0x0,
    0x0, 0xfe, 0x7f, 0x0, 0x0, 0x3f, 0x9f, 0xc0,
    0x0, 0xf, 0xe7, 0xf0, 0x0, 0x3, 0xf9, 0xfc,
    0x0, 0x0, 0xfd, 0x7f, 0x80, 0x0, 0x7f, 0x5f,
    0xf0, 0x0, 0x3f, 0xc7, 0xff, 0x40, 0x2f, 0xe1,
    0xfe, 0xff, 0xff, 0xf0, 0x7f, 0x2f, 0xff, 0xf4,
    0x1f, 0xc1, 0xff, 0xe0, 0x7, 0xf0, 0x0, 0x0,
    0x1, 0xfc, 0x0, 0x0, 0x0, 0x7f, 0x0, 0x0,
    0x0, 0x1f, 0xc0, 0x0, 0x0, 0x7, 0xf0, 0x0,
    0x0, 0x1, 0xfc, 0x0, 0x0, 0x0, 0x7f, 0x0,
    0x0, 0x0, 0x0,

    /* U+0071 "q" */
    0x0, 0x6f, 0xf8, 0x2f, 0x80, 0xff, 0xff, 0xdb,
    0xe0, 0xbf, 0xff, 0xff, 0xf8, 0x3f, 0xd0, 0xb,
    0xfe, 0x2f, 0xc0, 0x0, 0xbf, 0x8f, 0xe0, 0x0,
    0xf, 0xe3, 0xf8, 0x0, 0x3, 0xf8, 0xfd, 0x0,
    0x0, 0xbe, 0x3f, 0x40, 0x0, 0x2f, 0x8f, 0xd0,
    0x0, 0xb, 0xe3, 0xf4, 0x0, 0x2, 0xf8, 0xfe,
    0x0, 0x0, 0xfe, 0x3f, 0x80, 0x0, 0x3f, 0x8b,
    0xf0, 0x0, 0x2f, 0xe1, 0xff, 0x40, 0x2f, 0xf8,
    0x3f, 0xff, 0xff, 0xbe, 0x3, 0xff, 0xff, 0x2f,
    0x80, 0x1b, 0xfe, 0xb, 0xe0, 0x0, 0x0, 0x2,
    0xf8, 0x0, 0x0, 0x0, 0xbe, 0x0, 0x0, 0x0,
    0x2f, 0x80, 0x0, 0x0, 0xb, 0xe0, 0x0, 0x0,
    0x2, 0xf8, 0x0, 0x0, 0x0, 0xbe, 0x0, 0x0,
    0x0, 0x2f, 0x80,

    /* U+0072 "r" */
    0x7f, 0x6, 0xf7, 0xf2, 0xff, 0x7f, 0xbf, 0xe7,
    0xff, 0xd4, 0x7f, 0xe0, 0x7, 0xfc, 0x0, 0x7f,
    0x40, 0x7, 0xf0, 0x0, 0x7f, 0x0, 0x7, 0xf0,
    0x0, 0x7f, 0x0, 0x7, 0xf0, 0x0, 0x7f, 0x0,
    0x7, 0xf0, 0x0, 0x7f, 0x0, 0x7, 0xf0, 0x0,
    0x7f, 0x0, 0x7, 0xf0, 0x0,

    /* U+0073 "s" */
    0x0, 0xbf, 0xfa, 0x2, 0xff, 0xff, 0xc1, 0xff,
    0xff, 0xf0, 0xff, 0x0, 0x0, 0x3f, 0x40, 0x0,
    0xf, 0xd0, 0x0, 0x3, 0xfc, 0x0, 0x0, 0x7f,
    0xf9, 0x0, 0xb, 0xff, 0xf8, 0x0, 0x2f, 0xff,
    0x80, 0x0, 0x1f, 0xf4, 0x0, 0x0, 0xfe, 0x0,
    0x0, 0x2f, 0x80, 0x0, 0xb, 0xe1, 0x0, 0x7,
    0xf4, 0xff, 0xff, 0xfc, 0x3f, 0xff, 0xfd, 0xb,
    0xff, 0xe4, 0x0,

    /* U+0074 "t" */
    0x3, 0xf4, 0x0, 0xf, 0xd0, 0x0, 0x3f, 0x40,
    0x0, 0xfd, 0x0, 0xbf, 0xff, 0xf6, 0xff, 0xff,
    0xd7, 0xff, 0xff, 0x40, 0xfd, 0x0, 0x3, 0xf4,
    0x0, 0xf, 0xd0, 0x0, 0x3f, 0x40, 0x0, 0xfd,
    0x0, 0x3, 0xf4, 0x0, 0xf, 0xd0, 0x0, 0x3f,
    0x40, 0x0, 0xfd, 0x0, 0x3, 0xf4, 0x0, 0xf,
    0xd0, 0x0, 0x3f, 0xc0, 0x0, 0xbf, 0xfd, 0x0,
    0xff, 0xf4, 0x0, 0xbf, 0xd0,

    /* U+0075 "u" */
    0x7f, 0x0, 0x1, 0xfc, 0x7f, 0x0, 0x1, 0xfc,
    0x7f, 0x0, 0x1, 0xfc, 0x7f, 0x0, 0x1, 0xfc,
    0x7f, 0x0, 0x1, 0xfc, 0x7f, 0x0, 0x1, 0xfc,
    0x7f, 0x0, 0x1, 0xfc, 0x7f, 0x0, 0x1, 0xfc,
    0x7f, 0x0, 0x1, 0xfc, 0x7f, 0x0, 0x1, 0xfc,
    0x7f, 0x0, 0x1, 0xfc, 0x7f, 0x0, 0x1, 0xfc,
    0x7f, 0x0, 0x2, 0xfc, 0x7f, 0x40, 0x3, 0xfc,
    0x3f, 0xd0, 0x1f, 0xfc, 0x3f, 0xff, 0xff, 0xfc,
    0xf, 0xff, 0xfc, 0xfc, 0x2, 0xff, 0x90, 0xfc,

    /* U+0076 "v" */
    0xbf, 0x0, 0x0, 0x2f, 0xc3, 0xf4, 0x0, 0x3,
    0xf8, 0x3f, 0x80, 0x0, 0x7f, 0x42, 0xfc, 0x0,
    0xb, 0xf0, 0xf, 0xd0, 0x0, 0xfe, 0x0, 0xfe,
    0x0, 0x1f, 0xc0, 0x7, 0xf0, 0x2, 0xfc, 0x0,
    0x3f, 0x40, 0x3f, 0x80, 0x2, 0xf8, 0x7, 0xf0,
    0x0, 0x1f, 0xc0, 0xbf, 0x0, 0x0, 0xfd, 0xf,
    0xd0, 0x0, 0xb, 0xe0, 0xfc, 0x0, 0x0, 0x7f,
    0x2f, 0x80, 0x0, 0x3, 0xf7, 0xf4, 0x0, 0x0,
    0x2f, 0xff, 0x0, 0x0, 0x0, 0xff, 0xe0, 0x0,
    0x0, 0xf, 0xfd, 0x0, 0x0, 0x0, 0xbf, 0xc0,
    0x0,

    /* U+0077 "w" */
    0x3f, 0x40, 0x2, 0xfe, 0x0, 0x3, 0xf4, 0xfe,
    0x0, 0xf, 0xfc, 0x0, 0x1f, 0xc2, 0xfc, 0x0,
    0x3f, 0xf0, 0x0, 0xbf, 0x7, 0xf0, 0x1, 0xff,
    0xd0, 0x3, 0xf8, 0xf, 0xc0, 0xb, 0xef, 0x80,
    0xf, 0xc0, 0x3f, 0x40, 0x3f, 0x3f, 0x0, 0x7f,
    0x0, 0xbe, 0x0, 0xfc, 0xfd, 0x2, 0xf8, 0x1,
    0xfc, 0x7, 0xd1, 0xf8, 0xf, 0xd0, 0x3, 0xf0,
    0x3f, 0x3, 0xf0, 0x3f, 0x0, 0xf, 0xd0, 0xfc,
    0xf, 0xc1, 0xfc, 0x0, 0x2f, 0x87, 0xe0, 0x2f,
    0x4b, 0xe0, 0x0, 0x7f, 0x2f, 0x40, 0x7e, 0x2f,
    0x40, 0x0, 0xfc, 0xfc, 0x0, 0xfc, 0xfc, 0x0,
    0x3, 0xf7, 0xf0, 0x3, 0xf7, 0xf0, 0x0, 0xb,
    0xff, 0x80, 0xb, 0xff, 0x80, 0x0, 0x1f, 0xfd,
    0x0, 0x1f, 0xfd, 0x0, 0x0, 0x3f, 0xf0, 0x0,
    0x3f, 0xf0, 0x0, 0x0, 0xff, 0x80, 0x0, 0xff,
    0xc0, 0x0,

    /* U+0078 "x" */
    0x3f, 0xc0, 0x0, 0xbf, 0x41, 0xfe, 0x0, 0xf,
    0xe0, 0xb, 0xf0, 0x2, 0xfc, 0x0, 0x3f, 0xc0,
    0x7f, 0x40, 0x1, 0xfd, 0xf, 0xf0, 0x0, 0xf,
    0xf1, 0xfc, 0x0, 0x0, 0x3f, 0xbf, 0x80, 0x0,
    0x1, 0xff, 0xf0, 0x0, 0x0, 0xf, 0xfd, 0x0,
    0x0, 0x0, 0xff, 0xe0, 0x0, 0x0, 0x3f, 0xff,
    0x0, 0x0, 0x7, 0xf7, 0xfc, 0x0, 0x0, 0xfe,
    0x1f, 0xe0, 0x0, 0x2f, 0xc0, 0xbf, 0x0, 0x7,
    0xf4, 0x3, 0xfc, 0x0, 0xff, 0x0, 0x1f, 0xd0,
    0x2f, 0xc0, 0x0, 0xff, 0x7, 0xf8, 0x0, 0x7,
    0xf8,

    /* U+0079 "y" */
    0xbf, 0x0, 0x0, 0x2f, 0xc3, 0xf8, 0x0, 0x3,
    0xf8, 0x3f, 0xc0, 0x0, 0x3f, 0x41, 0xfc, 0x0,
    0x7, 0xf0, 0xf, 0xe0, 0x0, 0xfe, 0x0, 0xbf,
    0x0, 0xf, 0xd0, 0x7, 0xf0, 0x1, 0xfc, 0x0,
    0x3f, 0x80, 0x2f, 0x80, 0x2, 0xfc, 0x3, 0xf0,
    0x0, 0xf, 0xc0, 0x7f, 0x0, 0x0, 0xfe, 0xb,
    0xe0, 0x0, 0x7, 0xf0, 0xfc, 0x0, 0x0, 0x3f,
    0x1f, 0xc0, 0x0, 0x2, 0xfa, 0xf4, 0x0, 0x0,
    0x1f, 0xff, 0x0, 0x0, 0x0, 0xff, 0xf0, 0x0,
    0x0, 0xb, 0xfd, 0x0, 0x0, 0x0, 0x3f, 0xc0,
    0x0, 0x0, 0x3, 0xf8, 0x0, 0x0, 0x0, 0x7f,
    0x40, 0x0, 0x0, 0xf, 0xf0, 0x0, 0x0, 0x7,
    0xfd, 0x0, 0x0, 0xf, 0xff, 0x40, 0x0, 0x0,
    0xff, 0xd0, 0x0, 0x0, 0xf, 0xe0, 0x0, 0x0,
    0x0,

    /* U+007A "z" */
    0x3f, 0xff, 0xff, 0xf0, 0xff, 0xff, 0xff, 0xc3,
    0xff, 0xff, 0xff, 0x0, 0x0, 0xf, 0xf4, 0x0,
    0x0, 0xbf, 0x80, 0x0, 0x7, 0xfc, 0x0, 0x0,
    0x3f, 0xc0, 0x0, 0x3, 0xfd, 0x0, 0x0, 0x2f,
    0xd0, 0x0, 0x1, 0xfe, 0x0, 0x0, 0xf, 0xf0,
    0x0, 0x0, 0xff, 0x0, 0x0, 0xb, 0xf4, 0x0,
    0x0, 0x7f, 0x80, 0x0, 0x3, 0xfc, 0x0, 0x0,
    0x2f, 0xff, 0xff, 0xfd, 0xbf, 0xff, 0xff, 0xf6,
    0xff, 0xff, 0xff, 0xd0,

    /* U+007B "{" */
    0x0, 0x2f, 0x0, 0x3f, 0xc0, 0x3f, 0xf0, 0xf,
    0xe0, 0x7, 0xf0, 0x1, 0xfc, 0x0, 0x7f, 0x0,
    0x1f, 0xc0, 0x7, 0xf0, 0x1, 0xfc, 0x0, 0x7f,
    0x0, 0x1f, 0xc0, 0x7, 0xf0, 0x2, 0xfc, 0x0,
    0xfe, 0x2, 0xff, 0x0, 0xbf, 0x40, 0x2f, 0xf0,
    0x0, 0xfe, 0x0, 0x2f, 0xc0, 0x7, 0xf0, 0x1,
    0xfc, 0x0, 0x7f, 0x0, 0x1f, 0xc0, 0x7, 0xf0,
    0x1, 0xfc, 0x0, 0x7f, 0x0, 0x1f, 0xc0, 0x3,
    0xf4, 0x0, 0xff, 0xc0, 0xf, 0xf0, 0x0, 0xbc,

    /* U+007C "|" */
    0x7e, 0x7e, 0x7e, 0x7e, 0x7e, 0x7e, 0x7e, 0x7e,
    0x7e, 0x7e, 0x7e, 0x7e, 0x7e, 0x7e, 0x7e, 0x7e,
    0x7e, 0x7e, 0x7e, 0x7e, 0x7e, 0x7e, 0x7e, 0x7e,
    0x7e, 0x7e, 0x7e, 0x7e, 0x7e, 0x7e, 0x7e, 0x7e,

    /* U+007D "}" */
    0x3e, 0x0, 0xf, 0xf4, 0x3, 0xff, 0x0, 0x1f,
    0xd0, 0x3, 0xf8, 0x0, 0xfe, 0x0, 0x3f, 0x80,
    0xf, 0xe0, 0x3, 0xf8, 0x0, 0xfe, 0x0, 0x3f,
    0x80, 0xf, 0xe0, 0x3, 0xf8, 0x0, 0xbe, 0x0,
    0x1f, 0xd0, 0x3, 0xff, 0x0, 0x3f, 0xc0, 0x3f,
    0xe0, 0x2f, 0xc0, 0xb, 0xe0, 0x3, 0xf8, 0x0,
    0xfe, 0x0, 0x3f, 0x80, 0xf, 0xe0, 0x3, 0xf8,
    0x0, 0xfe, 0x0, 0x3f, 0x80, 0xf, 0xe0, 0x7,
    0xf4, 0xf, 0xfc, 0x3, 0xfd, 0x0, 0xf8, 0x0,

    /* U+007E "~" */
    0x1, 0xfe, 0x0, 0xa, 0x80, 0xbf, 0xfd, 0x0,
    0xfc, 0x1f, 0xff, 0xf8, 0x2f, 0x82, 0xf8, 0x2f,
    0xff, 0xf4, 0x3f, 0x0, 0x7f, 0xfe, 0x2, 0xa0,
    0x0, 0xbf, 0x40,

    /* U+4E2D "中" */
    0x0, 0x0, 0x0, 0x0, 0x0, 0x0, 0x0, 0x0,
    0x0, 0xfc, 0x0, 0x0, 0x0, 0x0, 0x0, 0x3f,
    0x40, 0x0, 0x0, 0x0, 0x0, 0xf, 0xd0, 0x0,
    0x0, 0x0, 0x0, 0x3, 0xf4, 0x0, 0x0, 0x0,
    0x0, 0x0, 0xfd, 0x0, 0x0, 0x0, 0x0, 0x0,
    0x3f, 0x40, 0x0, 0x1, 0xff, 0xff, 0xff, 0xff,
    0xff, 0xfe, 0x7f, 0xff, 0xff, 0xff, 0xff, 0xff,
    0x9f, 0xff, 0xff, 0xff, 0xff, 0xff, 0xe7, 0xf0,
    0x0, 0x3f, 0x40, 0x1, 0xf9, 0xfc, 0x0, 0xf,
    0xd0, 0x0, 0x7e, 0x7f, 0x0, 0x3, 0xf4, 0x0,
    0x1f, 0x9f, 0xc0, 0x0, 0xfd, 0x0, 0x7, 0xe7,
    0xf0, 0x0, 0x3f, 0x40, 0x1, 0xf9, 0xfc, 0x0,
    0xf, 0xd0, 0x0, 0x7e, 0x7f, 0x0, 0x3, 0xf4,
    0x0, 0x1f, 0x9f, 0xc0, 0x0, 0xfd, 0x0, 0x7,
    0xe7, 0xff, 0xff, 0xff, 0xff, 0xff, 0xf9, 0xff,
    0xff, 0xff, 0xff, 0xff, 0xfe, 0x7f, 0xff, 0xff,
    0xff, 0xff, 0xff, 0x80, 0x0, 0x0, 0xfd, 0x0,
    0x0, 0x0, 0x0, 0x0, 0x3f, 0x40, 0x0, 0x0,
    0x0, 0x0, 0xf, 0xd0, 0x0, 0x0, 0x0, 0x0,
    0x3, 0xf4, 0x0, 0x0, 0x0, 0x0, 0x0, 0xfd,
    0x0, 0x0, 0x0, 0x0, 0x0, 0x3f, 0x40, 0x0,
    0x0, 0x0, 0x0, 0xf, 0xd0, 0x0, 0x0, 0x0,
    0x0, 0x3, 0xf4, 0x0, 0x0, 0x0, 0x0, 0x0,
    0xfd, 0x0, 0x0, 0x0,

    /* U+4EAE "亮" */
    0x0, 0x0, 0x0, 0x2a, 0x0, 0x0, 0x0, 0x0,
    0x0, 0x0, 0xf, 0xc0, 0x0, 0x0, 0x0, 0x0,
    0x0, 0x2, 0xf8, 0x0, 0x0, 0x0, 0xbf, 0xff,
    0xff, 0xff, 0xff, 0xff, 0xfc, 0x2f, 0xff, 0xff,
    0xff, 0xff, 0xff, 0xff, 0x1, 0x55, 0x55, 0x55,
    0x55, 0x55, 0x55, 0x40, 0x0, 0x0, 0x0, 0x0,
    0x0, 0x0, 0x0, 0x0, 0xbf, 0xff, 0xff, 0xff,
    0xfc, 0x0, 0x0, 0x2f, 0xff, 0xff, 0xff, 0xff,
    0x0, 0x0, 0xb, 0xd0, 0x0, 0x0, 0xb, 0xc0,
    0x0, 0x2, 0xf0, 0x0, 0x0, 0x2, 0xf0, 0x0,
    0x0, 0xbf, 0xff, 0xff, 0xff, 0xfc, 0x0, 0x0,
    0x2f, 0xff, 0xff, 0xff, 0xff, 0x0, 0x0, 0x0,
    0x0, 0x0, 0x0, 0x0, 0x0, 0x0, 0x0, 0x0,
    0x0, 0x0, 0x0, 0x0, 0x0, 0x3f, 0xff, 0xff,
    0xff, 0xff, 0xff, 0xf4, 0xf, 0xff, 0xff, 0xff,
    0xff, 0xff, 0xfd, 0x3, 0xf5, 0x55, 0x55, 0x55,
    0x55, 0x6f, 0x40, 0xfc, 0x0, 0x0, 0x0, 0x0,
    0xb, 0xd0, 0x3f, 0x3, 0xff, 0xff, 0xfe, 0x2,
    0xf4, 0x5, 0x40, 0xff, 0xff, 0xff, 0x80, 0x68,
    0x0, 0x0, 0x3f, 0xaa, 0xab, 0xe0, 0x0, 0x0,
    0x0, 0xf, 0xc0, 0x1, 0xf8, 0x1, 0x40, 0x0,
    0x7, 0xf0, 0x0, 0x7e, 0x0, 0x7d, 0x0, 0x3,
    0xf8, 0x0, 0x1f, 0x80, 0x2f, 0x0, 0xb, 0xfc,
    0x0, 0x7, 0xe0, 0xf, 0xc0, 0x6f, 0xfc, 0x0,
    0x1, 0xff, 0xaf, 0xf0, 0xff, 0xf8, 0x0, 0x0,
    0x3f, 0xff, 0xf4, 0x2f, 0xe4, 0x0, 0x0, 0x7,
    0xff, 0xf4, 0x2, 0x40, 0x0, 0x0, 0x0, 0x0,
    0x0, 0x0,

    /* U+5149 "光" */
    0x0, 0x0, 0x0, 0xa, 0x80, 0x0, 0x0, 0x0,
    0x0, 0x0, 0x0, 0xfc, 0x0, 0x0, 0x0, 0x0,
    0x14, 0x0, 0xf, 0xc0, 0x0, 0x50, 0x0, 0xb,
    0xd0, 0x0, 0xfc, 0x0, 0xf, 0x80, 0x0, 0xbf,
    0x0, 0xf, 0xc0, 0x3, 0xfc, 0x0, 0x3, 0xfc,
    0x0, 0xfc, 0x0, 0x7f, 0x0, 0x0, 0xf, 0xe0,
    0xf, 0xc0, 0xf, 0xd0, 0x0, 0x0, 0x7f, 0x40,
    0xfc, 0x3, 0xfc, 0x0, 0x0, 0x2, 0xfc, 0xf,
    0xc0, 0xff, 0x0, 0x0, 0x0, 0xf, 0xc0, 0xfc,
    0xf, 0xd0, 0x0, 0x0, 0x0, 0x30, 0xf, 0xc0,
    0x34, 0x0, 0x0, 0x0, 0x0, 0x0, 0xfc, 0x0,
    0x0, 0x0, 0xf, 0xff, 0xff, 0xff, 0xff, 0xff,
    0xff, 0xc0, 0xff, 0xff, 0xff, 0xff, 0xff, 0xff,
    0xfc, 0xf, 0xff, 0xff, 0xff, 0xff, 0xff, 0xff,
    0xc0, 0x0, 0x1, 0xf8, 0x3, 0xf0, 0x0, 0x0,
    0x0, 0x0, 0x2f, 0x80, 0x3f, 0x0, 0x0, 0x0,
    0x0, 0x2, 0xf4, 0x3, 0xf0, 0x0, 0x0, 0x0,
    0x0, 0x3f, 0x40, 0x3f, 0x0, 0x0, 0x0, 0x0,
    0x3, 0xf0, 0x3, 0xf0, 0x0, 0x0, 0x0, 0x0,
    0x7f, 0x0, 0x3f, 0x0, 0x0, 0x0, 0x0, 0xf,
    0xe0, 0x3, 0xf0, 0x0, 0x39, 0x0, 0x1, 0xfc,
    0x0, 0x3f, 0x0, 0x3, 0xe0, 0x0, 0x7f, 0x80,
    0x3, 0xf0, 0x0, 0x7e, 0x0, 0x1f, 0xf0, 0x0,
    0x3f, 0x0, 0x7, 0xd0, 0xb, 0xfd, 0x0, 0x3,
    0xfd, 0x1, 0xfd, 0xb, 0xff, 0x40, 0x0, 0x2f,
    0xff, 0xff, 0xc3, 0xff, 0xc0, 0x0, 0x1, 0xff,
    0xff, 0xf8, 0xf, 0xe0, 0x0, 0x0, 0x7, 0xff,
    0xfd, 0x0, 0x20, 0x0, 0x0, 0x0, 0x0, 0x0,
    0x0,

    /* U+51CF "减" */
    0x0, 0x0, 0x0, 0x0, 0x0, 0x0, 0x0, 0x0,
    0x0, 0x0, 0x0, 0x0, 0x3, 0xd1, 0x80, 0x0,
    0x24, 0x0, 0x0, 0x0, 0xf, 0x9f, 0x80, 0x3,
    0xf0, 0x0, 0x0, 0x0, 0x3e, 0x2f, 0x40, 0xb,
    0xd0, 0x0, 0x0, 0x0, 0xf8, 0x3e, 0x0, 0xf,
    0xc0, 0xaa, 0xaa, 0xab, 0xfa, 0xba, 0x0, 0x2f,
    0x3, 0xff, 0xff, 0xff, 0xff, 0xfc, 0x0, 0x7e,
    0xf, 0xff, 0xff, 0xff, 0xff, 0xf0, 0x0, 0xfc,
    0x3e, 0x0, 0x0, 0xfc, 0x0, 0x0, 0x2, 0xf0,
    0xf8, 0x0, 0x2, 0xf0, 0x0, 0x0, 0x7, 0xd3,
    0xe0, 0x0, 0xb, 0xc0, 0x90, 0x0, 0x8, 0xf,
    0x8f, 0xff, 0xaf, 0x7, 0xc0, 0x0, 0x0, 0x3e,
    0x3f, 0xfe, 0xbc, 0x2f, 0x0, 0x0, 0x0, 0xf8,
    0xaa, 0xa5, 0xf0, 0xf8, 0x0, 0x0, 0x3, 0xe0,
    0x0, 0x7, 0xd3, 0xe0, 0x0, 0x2f, 0xf, 0x80,
    0x0, 0xf, 0x5f, 0x0, 0x0, 0xfc, 0x3e, 0x7f,
    0xfe, 0x3e, 0xbc, 0x0, 0x3, 0xe0, 0xf9, 0xff,
    0xf8, 0xfb, 0xe0, 0x0, 0x1f, 0x43, 0xe7, 0xeb,
    0xe3, 0xff, 0x40, 0x0, 0xbc, 0xf, 0x9f, 0xb,
    0x8b, 0xfc, 0x0, 0x3, 0xf0, 0x3d, 0x7c, 0x2e,
    0x1f, 0xd0, 0x0, 0x1f, 0x80, 0xf5, 0xf0, 0xb8,
    0x3f, 0x0, 0x0, 0xbd, 0x3, 0xd7, 0xc2, 0xe2,
    0xf8, 0xa, 0x3, 0xf0, 0x1f, 0x1f, 0xff, 0x9f,
    0xf0, 0x3d, 0xf, 0xc0, 0xbc, 0x7f, 0xff, 0xff,
    0xd0, 0xf0, 0xbd, 0x3, 0xe0, 0xaa, 0xaf, 0xdf,
    0x87, 0xc3, 0xf0, 0x1f, 0x40, 0x0, 0xfe, 0x2f,
    0x2f, 0xf, 0xc0, 0xfc, 0x0, 0x1f, 0xe0, 0x7f,
    0xf4, 0x0, 0x7, 0xf0, 0x0, 0xbe, 0x0, 0xbf,
    0xc0, 0x0, 0x1f, 0x40, 0x0, 0xa0, 0x0, 0xbd,
    0x0, 0x0, 0x8, 0x0, 0x0, 0x0, 0x0, 0x0,
    0x0,

    /* U+51FA "出" */
    0x0, 0x0, 0x2, 0xa0, 0x0, 0x0, 0x0, 0x0,
    0x0, 0x3f, 0x0, 0x0, 0x0, 0x0, 0x0, 0x3,
    0xf0, 0x0, 0x0, 0x0, 0xfc, 0x0, 0x3f, 0x0,
    0x3, 0xf0, 0xf, 0xc0, 0x3, 0xf0, 0x0, 0x3f,
    0x0, 0xfc, 0x0, 0x3f, 0x0, 0x3, 0xf0, 0xf,
    0xc0, 0x3, 0xf0, 0x0, 0x3f, 0x0, 0xfc, 0x0,
    0x3f, 0x0, 0x3, 0xf0, 0xf, 0xc0, 0x3, 0xf0,
    0x0, 0x3f, 0x0, 0xfc, 0x0, 0x3f, 0x0, 0x3,
    0xf0, 0xf, 0xc0, 0x3, 0xf0, 0x0, 0x3f, 0x0,
    0xff, 0xff, 0xff, 0xff, 0xff, 0xf0, 0xf, 0xff,
    0xff, 0xff, 0xff, 0xff, 0x0, 0xff, 0xff, 0xff,
    0xff, 0xff, 0xf0, 0x0, 0x0, 0x3, 0xf0, 0x0,
    0x0, 0x0, 0x0, 0x0, 0x3f, 0x0, 0x0, 0x0,
    0x29, 0x0, 0x3, 0xf0, 0x0, 0xa, 0x83, 0xf0,
    0x0, 0x3f, 0x0, 0x0, 0xfc, 0x3f, 0x0, 0x3,
    0xf0, 0x0, 0xf, 0xc3, 0xf0, 0x0, 0x3f, 0x0,
    0x0, 0xfc, 0x3f, 0x0, 0x3, 0xf0, 0x0, 0xf,
    0xc3, 0xf0, 0x0, 0x3f, 0x0, 0x0, 0xfc, 0x3f,
    0x0, 0x3, 0xf0, 0x0, 0xf, 0xc3, 0xf0, 0x0,
    0x3f, 0x0, 0x0, 0xfc, 0x3f, 0x0, 0x3, 0xf0,
    0x0, 0xf, 0xc3, 0xff, 0xff, 0xff, 0xff, 0xff,
    0xfc, 0x3f, 0xff, 0xff, 0xff, 0xff, 0xff, 0xc3,
    0xff, 0xff, 0xff, 0xff, 0xff, 0xfc, 0x0, 0x0,
    0x0, 0x0, 0x0, 0xf, 0xc0,

    /* U+5217 "列" */
    0x0, 0x0, 0x0, 0x0, 0x0, 0x0, 0x0, 0x0,
    0x0, 0x0, 0x0, 0x0, 0x0, 0xf, 0xc0, 0x7f,
    0xff, 0xff, 0xff, 0x0, 0x3, 0xf0, 0x1f, 0xff,
    0xff, 0xff, 0xc5, 0x40, 0xfc, 0x6, 0xab, 0xfe,
    0xaa, 0xa3, 0xf0, 0x3f, 0x0, 0x0, 0xfc, 0x0,
    0x0, 0xfc, 0xf, 0xc0, 0x0, 0x3f, 0x0, 0x0,
    0x3f, 0x3, 0xf0, 0x0, 0x1f, 0x80, 0x0, 0xf,
    0xc0, 0xfc, 0x0, 0xf, 0xe5, 0x55, 0x3, 0xf0,
    0x3f, 0x0, 0x3, 0xff, 0xff, 0xe0, 0xfc, 0xf,
    0xc0, 0x2, 0xff, 0xff, 0xf8, 0x3f, 0x3, 0xf0,
    0x0, 0xfd, 0x55, 0xbe, 0xf, 0xc0, 0xfc, 0x0,
    0xbe, 0x0, 0x2f, 0x43, 0xf0, 0x3f, 0x0, 0x7f,
    0x0, 0xf, 0xc0, 0xfc, 0xf, 0xc0, 0x3f, 0xe0,
    0x3, 0xf0, 0x3f, 0x3, 0xf0, 0x1f, 0xff, 0x2,
    0xf4, 0xf, 0xc0, 0xfc, 0xf, 0xef, 0xf0, 0xfc,
    0x3, 0xf0, 0x3f, 0xf, 0xe1, 0xfd, 0x7e, 0x0,
    0xfc, 0xf, 0xc3, 0xf0, 0xe, 0x3f, 0x0, 0x3f,
    0x3, 0xf0, 0x34, 0x0, 0x2f, 0x80, 0xf, 0xc0,
    0xfc, 0x0, 0x0, 0x1f, 0xc0, 0x3, 0xf0, 0x3f,
    0x0, 0x0, 0xf, 0xe0, 0x0, 0xfc, 0xf, 0xc0,
    0x0, 0xf, 0xf0, 0x0, 0x0, 0x3, 0xf0, 0x0,
    0xf, 0xf0, 0x0, 0x0, 0x0, 0xfc, 0x0, 0xf,
    0xf0, 0x0, 0x0, 0x0, 0x3f, 0x0, 0x1f, 0xf4,
    0x0, 0x0, 0x0, 0x1f, 0xc0, 0x2f, 0xf4, 0x0,
    0x0, 0xb, 0xff, 0xf0, 0x2f, 0xf0, 0x0, 0x0,
    0x2, 0xff, 0xf8, 0x7, 0xf0, 0x0, 0x0, 0x0,
    0x3f, 0xe4, 0x0, 0x60, 0x0, 0x0, 0x0, 0x0,
    0x0, 0x0,

    /* U+529F "功" */
    0x0, 0x0, 0x0, 0x0, 0x7e, 0x0, 0x0, 0x0,
    0x0, 0x0, 0x0, 0x1f, 0x80, 0x0, 0x0, 0x0,
    0x0, 0x0, 0x7, 0xe0, 0x0, 0x0, 0x15, 0x55,
    0x55, 0x1, 0xf8, 0x0, 0x0, 0xf, 0xff, 0xff,
    0xc0, 0x7e, 0x0, 0x0, 0x3, 0xff, 0xff, 0xf0,
    0x1f, 0x80, 0x0, 0x0, 0x55, 0xfd, 0x56, 0xff,
    0xff, 0xff, 0xf0, 0x0, 0x3f, 0x0, 0xff, 0xff,
    0xff, 0xfd, 0x0, 0xf, 0xc0, 0x3f, 0xff, 0xff,
    0xff, 0x0, 0x3, 0xf0, 0x0, 0x2f, 0x40, 0xf,
    0xc0, 0x0, 0xfc, 0x0, 0xb, 0xd0, 0x3, 0xf0,
    0x0, 0x3f, 0x0, 0x2, 0xf4, 0x0, 0xfc, 0x0,
    0xf, 0xc0, 0x0, 0xfd, 0x0, 0x3f, 0x0, 0x3,
    0xf0, 0x0, 0x3f, 0x0, 0xf, 0xc0, 0x0, 0xfc,
    0x0, 0xf, 0xc0, 0x3, 0xf0, 0x0, 0x3f, 0x0,
    0x3, 0xf0, 0x0, 0xfc, 0x0, 0xf, 0xc0, 0x0,
    0xfc, 0x0, 0x3f, 0x0, 0x3, 0xf0, 0x0, 0x7e,
    0x0, 0xf, 0xc0, 0x0, 0xfc, 0x1d, 0x2f, 0x80,
    0x3, 0xf0, 0x0, 0x3f, 0xff, 0x8f, 0xc0, 0x0,
    0xfc, 0x1, 0xbf, 0xff, 0xe7, 0xf0, 0x0, 0x3f,
    0xf, 0xff, 0xff, 0x93, 0xf8, 0x0, 0xf, 0xc2,
    0xff, 0xe4, 0x2, 0xfc, 0x0, 0x7, 0xe0, 0x79,
    0x0, 0x1, 0xfe, 0x0, 0x1, 0xf8, 0x0, 0x0,
    0x0, 0xff, 0x0, 0x0, 0xfe, 0x0, 0x0, 0x0,
    0xff, 0x0, 0x6b, 0xff, 0x40, 0x0, 0x0, 0xff,
    0x40, 0x1f, 0xff, 0xc0, 0x0, 0x0, 0xbf, 0x40,
    0x3, 0xff, 0x80, 0x0, 0x0, 0xb, 0x40, 0x0,
    0x40, 0x0, 0x0, 0x0, 0x0, 0x0, 0x0, 0x0,
    0x0, 0x0,

    /* U+53E3 "口" */
    0xbf, 0xff, 0xff, 0xff, 0xff, 0xff, 0xff, 0xff,
    0xff, 0xff, 0xff, 0xff, 0xff, 0xff, 0xff, 0xff,
    0xff, 0xff, 0x40, 0x0, 0x0, 0x0, 0x7f, 0xfd,
    0x0, 0x0, 0x0, 0x0, 0xff, 0xf4, 0x0, 0x0,
    0x0, 0x3, 0xff, 0xd0, 0x0, 0x0, 0x0, 0xf,
    0xff, 0x40, 0x0, 0x0, 0x0, 0x3f, 0xfd, 0x0,
    0x0, 0x0, 0x0, 0xff, 0xf4, 0x0, 0x0, 0x0,
    0x3, 0xff, 0xd0, 0x0, 0x0, 0x0, 0xf, 0xff,
    0x40, 0x0, 0x0, 0x0, 0x3f, 0xfd, 0x0, 0x0,
    0x0, 0x0, 0xff, 0xf4, 0x0, 0x0, 0x0, 0x3,
    0xff, 0xd0, 0x0, 0x0, 0x0, 0xf, 0xff, 0x40,
    0x0, 0x0, 0x0, 0x3f, 0xfd, 0x0, 0x0, 0x0,
    0x0, 0xff, 0xf4, 0x0, 0x0, 0x0, 0x3, 0xff,
    0xd0, 0x0, 0x0, 0x0, 0xf, 0xff, 0x40, 0x0,
    0x0, 0x0, 0x3f, 0xff, 0xff, 0xff, 0xff, 0xff,
    0xff, 0xff, 0xff, 0xff, 0xff, 0xff, 0xff, 0xff,
    0xff, 0xff, 0xff, 0xff, 0xff, 0x40, 0x0, 0x0,
    0x0, 0x3f, 0xfd, 0x0, 0x0, 0x0, 0x0, 0xff,
    0xf4, 0x0, 0x0, 0x0, 0x3, 0xf0, 0x0, 0x0,
    0x0, 0x0, 0x0, 0x0,

    /* U+53F7 "号" */
    0x0, 0x2a, 0xaa, 0xaa, 0xaa, 0xaa, 0x40, 0x0,
    0xf, 0xff, 0xff, 0xff, 0xff, 0xf0, 0x0, 0x3,
    0xff, 0xff, 0xff, 0xff, 0xfc, 0x0, 0x0, 0xfc,
    0x0, 0x0, 0x0, 0x7f, 0x0, 0x0, 0x3f, 0x0,
    0x0, 0x0, 0x1f, 0xc0, 0x0, 0xf, 0xc0, 0x0,
    0x0, 0x7, 0xf0, 0x0, 0x3, 0xf0, 0x0, 0x0,
    0x1, 0xfc, 0x0, 0x0, 0xff, 0xff, 0xff, 0xff,
    0xff, 0x0, 0x0, 0x3f, 0xff, 0xff, 0xff, 0xff,
    0xc0, 0x0, 0x5, 0x55, 0x55, 0x55, 0x55, 0x50,
    0x0, 0x0, 0x0, 0x0, 0x0, 0x0, 0x0, 0x0,
    0x0, 0x0, 0x0, 0x0, 0x0, 0x0, 0x0, 0x7f,
    0xff, 0xff, 0xff, 0xff, 0xff, 0xff, 0xdf, 0xff,
    0xff, 0xff, 0xff, 0xff, 0xff, 0xf2, 0xaa, 0xff,
    0xaa, 0xaa, 0xaa, 0xaa, 0xa4, 0x0, 0x3f, 0x40,
    0x0, 0x0, 0x0, 0x0, 0x0, 0xf, 0xc0, 0x0,
    0x0, 0x0, 0x0, 0x0, 0x7, 0xff, 0xff, 0xff,
    0xff, 0xd0, 0x0, 0x2, 0xff, 0xff, 0xff, 0xff,
    0xf4, 0x0, 0x0, 0x6a, 0xaa, 0xaa, 0xaa, 0xfc,
    0x0, 0x0, 0x0, 0x0, 0x0, 0x0, 0x3f, 0x0,
    0x0, 0x0, 0x0, 0x0, 0x0, 0xf, 0xc0, 0x0,
    0x0, 0x0, 0x0, 0x0, 0x7, 0xf0, 0x0, 0x0,
    0x0, 0x0, 0x0, 0x2, 0xfc, 0x0, 0x0, 0x0,
    0x0, 0x0, 0x1, 0xfe, 0x0, 0x0, 0x0, 0x0,
    0xf, 0xff, 0xff, 0x40, 0x0, 0x0, 0x0, 0x3,
    0xff, 0xff, 0xc0, 0x0, 0x0, 0x0, 0x0, 0x7f,
    0xfe, 0x40, 0x0, 0x0, 0x0, 0x0, 0x0, 0x0,
    0x0, 0x0, 0x0,

    /* U+540D "名" */
    0x0, 0x0, 0x0, 0x0, 0x0, 0x0, 0x0, 0x0,
    0x0, 0x2, 0xd0, 0x0, 0x0, 0x0, 0x0, 0x0,
    0x2f, 0xc0, 0x0, 0x0, 0x0, 0x0, 0x1, 0xfd,
    0x0, 0x0, 0x0, 0x0, 0x0, 0x1f, 0xfa, 0xaa,
    0xaa, 0xa4, 0x0, 0x1, 0xff, 0xff, 0xff, 0xff,
    0xd0, 0x0, 0x1f, 0xff, 0xff, 0xff, 0xff, 0x40,
    0x1, 0xff, 0x0, 0x0, 0x3, 0xfc, 0x0, 0x2f,
    0xf4, 0x0, 0x0, 0x3f, 0xc0, 0x3, 0xff, 0xf4,
    0x0, 0x3, 0xfc, 0x0, 0x7f, 0xef, 0xf4, 0x0,
    0x7f, 0xc0, 0x2, 0xfd, 0xf, 0xf8, 0xb, 0xfc,
    0x0, 0x3, 0xc0, 0xb, 0xd1, 0xff, 0x80, 0x0,
    0x0, 0x0, 0x9, 0x3f, 0xf4, 0x0, 0x0, 0x0,
    0x0, 0xb, 0xff, 0x0, 0x0, 0x0, 0x0, 0x2,
    0xff, 0xd0, 0x0, 0x0, 0x0, 0x1, 0xff, 0xf8,
    0x0, 0x0, 0x0, 0x0, 0xbf, 0xff, 0xff, 0xff,
    0xff, 0xc0, 0xbf, 0xff, 0xff, 0xff, 0xff, 0xff,
    0x2f, 0xff, 0xfe, 0xaa, 0xaa, 0xaa, 0xfc, 0x7f,
    0xd7, 0xe0, 0x0, 0x0, 0x3, 0xf0, 0xa0, 0xf,
    0x80, 0x0, 0x0, 0xf, 0xc0, 0x0, 0x3e, 0x0,
    0x0, 0x0, 0x3f, 0x0, 0x0, 0xf8, 0x0, 0x0,
    0x0, 0xfc, 0x0, 0x3, 0xe0, 0x0, 0x0, 0x3,
    0xf0, 0x0, 0xf, 0x80, 0x0, 0x0, 0xf, 0xc0,
    0x0, 0x3f, 0xff, 0xff, 0xff, 0xff, 0x0, 0x0,
    0xff, 0xff, 0xff, 0xff, 0xfc, 0x0, 0x3, 0xfa,
    0xaa, 0xaa, 0xab, 0xf0, 0x0, 0xf, 0x80, 0x0,
    0x0, 0xf, 0xc0,

    /* U+5730 "地" */
    0x0, 0x0, 0x0, 0x0, 0x1a, 0x0, 0x0, 0x0,
    0xb, 0xc0, 0x0, 0x2, 0xf0, 0x0, 0x0, 0x0,
    0xbc, 0x0, 0x0, 0x2f, 0x0, 0x0, 0x0, 0xb,
    0xc0, 0x1a, 0x2, 0xf0, 0x0, 0x0, 0x0, 0xbc,
    0x2, 0xf0, 0x2f, 0x0, 0x0, 0x0, 0xb, 0xc0,
    0x2f, 0x2, 0xf0, 0x0, 0x40, 0x0, 0xbc, 0x2,
    0xf0, 0x2f, 0x1, 0xfc, 0x0, 0xb, 0xc0, 0x2f,
    0x2, 0xfb, 0xff, 0xc0, 0x0, 0xbc, 0x2, 0xf0,
    0x3f, 0xff, 0xfc, 0x3, 0xff, 0xff, 0x2f, 0xbf,
    0xff, 0xdf, 0xc0, 0x3f, 0xff, 0xf3, 0xff, 0xff,
    0x40, 0xfc, 0x2, 0xaf, 0xef, 0xff, 0xff, 0xf0,
    0xf, 0x80, 0x0, 0xbc, 0x3f, 0xf8, 0x2f, 0x0,
    0xf8, 0x0, 0xb, 0xc3, 0xff, 0x2, 0xf0, 0xf,
    0x80, 0x0, 0xbc, 0x2, 0xf0, 0x2f, 0x0, 0xf8,
    0x0, 0xb, 0xc0, 0x2f, 0x2, 0xf0, 0xf, 0x80,
    0x0, 0xbc, 0x2, 0xf0, 0x2f, 0x1, 0xf8, 0x0,
    0xb, 0xc0, 0x2f, 0x2, 0xf1, 0x7f, 0x80, 0x0,
    0xbc, 0x2, 0xf0, 0x2f, 0x3f, 0xf4, 0x0, 0xb,
    0xc0, 0x2f, 0x2, 0xf2, 0xff, 0x0, 0x0, 0xbc,
    0x12, 0xf0, 0x2f, 0x19, 0x40, 0x0, 0xb, 0xef,
    0x6f, 0x2, 0xf0, 0x0, 0x90, 0x0, 0xff, 0xfa,
    0xf0, 0x2f, 0x0, 0xf, 0xc0, 0xbf, 0xfe, 0x2f,
    0x0, 0x0, 0x0, 0xfc, 0xbf, 0xfe, 0x2, 0xf0,
    0x0, 0x0, 0xf, 0xcb, 0xfe, 0x0, 0x2f, 0x40,
    0x0, 0x1, 0xf8, 0x7d, 0x0, 0x1, 0xff, 0xaa,
    0xab, 0xff, 0x81, 0x0, 0x0, 0xf, 0xff, 0xff,
    0xff, 0xf0, 0x0, 0x0, 0x0, 0x2f, 0xff, 0xff,
    0xf8, 0x0, 0x0, 0x0, 0x0, 0x0, 0x0, 0x0,
    0x0,

    /* U+5740 "址" */
    0x0, 0x15, 0x0, 0x0, 0x0, 0xa4, 0x0, 0x0,
    0x3, 0xf0, 0x0, 0x0, 0x1f, 0xc0, 0x0, 0x0,
    0x3f, 0x0, 0x0, 0x1, 0xfc, 0x0, 0x0, 0x3,
    0xf0, 0x0, 0x0, 0x1f, 0xc0, 0x0, 0x0, 0x3f,
    0x0, 0x0, 0x1, 0xfc, 0x0, 0x0, 0x3, 0xf0,
    0x0, 0x0, 0x1f, 0xc0, 0x0, 0x0, 0x3f, 0x0,
    0x29, 0x1, 0xfc, 0x0, 0x0, 0x3, 0xf0, 0x3,
    0xf0, 0x1f, 0xc0, 0x0, 0xf, 0xff, 0xfd, 0x3f,
    0x1, 0xfc, 0x0, 0x0, 0xff, 0xff, 0xd3, 0xf0,
    0x1f, 0xff, 0xf4, 0xf, 0xff, 0xfd, 0x3f, 0x1,
    0xff, 0xff, 0x80, 0x3, 0xf0, 0x3, 0xf0, 0x1f,
    0xff, 0xf8, 0x0, 0x3f, 0x0, 0x3f, 0x1, 0xfc,
    0x0, 0x0, 0x3, 0xf0, 0x3, 0xf0, 0x1f, 0xc0,
    0x0, 0x0, 0x3f, 0x0, 0x3f, 0x1, 0xfc, 0x0,
    0x0, 0x3, 0xf0, 0x3, 0xf0, 0x1f, 0xc0, 0x0,
    0x0, 0x3f, 0x0, 0x3f, 0x1, 0xfc, 0x0, 0x0,
    0x3, 0xf0, 0x3, 0xf0, 0x1f, 0xc0, 0x0, 0x0,
    0x3f, 0x0, 0x3f, 0x1, 0xfc, 0x0, 0x0, 0x3,
    0xf0, 0x3, 0xf0, 0x1f, 0xc0, 0x0, 0x0, 0x3f,
    0x6d, 0x3f, 0x1, 0xfc, 0x0, 0x0, 0x3, 0xff,
    0xd3, 0xf0, 0x1f, 0xc0, 0x0, 0x2, 0xff, 0xfd,
    0x3f, 0x1, 0xfc, 0x0, 0x3, 0xff, 0xfd, 0x3,
    0xf0, 0x1f, 0xc0, 0x0, 0x3f, 0xf4, 0x0, 0x3f,
    0x1, 0xfc, 0x0, 0x2, 0x90, 0x7, 0xff, 0xff,
    0xff, 0xff, 0xff, 0x0, 0x0, 0x7f, 0xff, 0xff,
    0xff, 0xff, 0xf0, 0x0, 0x7, 0xff, 0xff, 0xff,
    0xff, 0xfe,

    /* U+5907 "备" */
    0x0, 0x0, 0x0, 0x0, 0x0, 0x0, 0x0, 0x0,
    0x0, 0x3, 0xf4, 0x0, 0x0, 0x0, 0x0, 0x0,
    0x0, 0xbf, 0x0, 0x0, 0x0, 0x0, 0x0, 0x0,
    0x1f, 0xfa, 0xaa, 0xaa, 0xa8, 0x0, 0x0, 0x7,
    0xff, 0xff, 0xff, 0xff, 0xc0, 0x0, 0x1, 0xff,
    0xff, 0xff, 0xff, 0xfc, 0x0, 0x0, 0x7f, 0xf0,
    0x0, 0x0, 0xbf, 0xc0, 0x0, 0x1f, 0xff, 0xc0,
    0x0, 0x3f, 0xe0, 0x0, 0xb, 0xfd, 0xff, 0x40,
    0x2f, 0xf4, 0x0, 0x3, 0xfe, 0x3, 0xfe, 0x2f,
    0xfc, 0x0, 0x0, 0x1f, 0x80, 0xf, 0xff, 0xfd,
    0x0, 0x0, 0x0, 0x90, 0x0, 0x7f, 0xff, 0x40,
    0x0, 0x0, 0x0, 0x1, 0xbf, 0xff, 0xff, 0x90,
    0x0, 0x0, 0x1b, 0xff, 0xfe, 0x6f, 0xff, 0xf9,
    0x40, 0xbf, 0xff, 0xf9, 0x0, 0x1b, 0xff, 0xff,
    0xc7, 0xff, 0xe4, 0x0, 0x0, 0x6, 0xff, 0xf8,
    0x3a, 0xe5, 0x55, 0x55, 0x55, 0x56, 0xdb, 0x40,
    0xf, 0xff, 0xff, 0xff, 0xff, 0xfc, 0x0, 0x0,
    0xff, 0xff, 0xff, 0xff, 0xff, 0xc0, 0x0, 0xf,
    0xc0, 0x3, 0xf0, 0x0, 0xfc, 0x0, 0x0, 0xfc,
    0x0, 0x3f, 0x0, 0xf, 0xc0, 0x0, 0xf, 0xd5,
    0x57, 0xf5, 0x55, 0xfc, 0x0, 0x0, 0xff, 0xff,
    0xff, 0xff, 0xff, 0xc0, 0x0, 0xf, 0xff, 0xff,
    0xff, 0xff, 0xfc, 0x0, 0x0, 0xfc, 0x0, 0x3f,
    0x0, 0xf, 0xc0, 0x0, 0xf, 0xc0, 0x3, 0xf0,
    0x0, 0xfc, 0x0, 0x0, 0xfd, 0x55, 0x7f, 0x55,
    0x5f, 0xc0, 0x0, 0xf, 0xff, 0xff, 0xff, 0xff,
    0xfc, 0x0, 0x0, 0xff, 0xff, 0xff, 0xff, 0xff,
    0xc0, 0x0, 0xf, 0xc0, 0x0, 0x0, 0x0, 0xfc,
    0x0,

    /* U+5E8F "序" */
    0x0, 0x0, 0x0, 0x1, 0x90, 0x0, 0x0, 0x0,
    0x0, 0x0, 0x1, 0xfc, 0x0, 0x0, 0x0, 0x0,
    0x0, 0x0, 0x3f, 0x0, 0x0, 0x0, 0x3, 0xff,
    0xff, 0xff, 0xff, 0xff, 0xfd, 0x0, 0xff, 0xff,
    0xff, 0xff, 0xff, 0xff, 0x80, 0x3f, 0xff, 0xff,
    0xff, 0xff, 0xff, 0xe0, 0xf, 0xc0, 0x0, 0x0,
    0x0, 0x0, 0x0, 0x3, 0xf0, 0x0, 0x0, 0x0,
    0x0, 0x0, 0x0, 0xfc, 0x3f, 0xff, 0xff, 0xff,
    0xfc, 0x0, 0x3f, 0xf, 0xff, 0xff, 0xff, 0xff,
    0x0, 0xf, 0xc2, 0xaa, 0xaa, 0xaa, 0xff, 0xc0,
    0x3, 0xf0, 0x1, 0xc0, 0x0, 0xbf, 0x80, 0x0,
    0xfc, 0x1, 0xfd, 0x1, 0xff, 0x40, 0x0, 0x3f,
    0x0, 0x1f, 0xe2, 0xfe, 0x0, 0x0, 0xf, 0xc0,
    0x0, 0xff, 0xfd, 0x0, 0x0, 0x3, 0xe0, 0x0,
    0xb, 0xfc, 0x0, 0x0, 0x0, 0xf9, 0xff, 0xff,
    0xff, 0xff, 0xff, 0xc0, 0x3e, 0x7f, 0xff, 0xff,
    0xff, 0xff, 0xf0, 0x1f, 0x8a, 0xaa, 0xaf, 0xfa,
    0xaa, 0xfc, 0x7, 0xd0, 0x0, 0x1, 0xf4, 0x0,
    0xbd, 0x2, 0xf4, 0x0, 0x0, 0x7d, 0x0, 0x7f,
    0x0, 0xfc, 0x0, 0x0, 0x1f, 0x40, 0x3f, 0x0,
    0x3f, 0x0, 0x0, 0x7, 0xd0, 0x2f, 0x80, 0x1f,
    0x80, 0x0, 0x1, 0xf4, 0x1, 0xc0, 0xb, 0xd0,
    0x0, 0x0, 0x7d, 0x0, 0x0, 0x3, 0xf0, 0x0,
    0x0, 0x2f, 0x40, 0x0, 0x2, 0xf4, 0x0, 0x6,
    0xaf, 0xd0, 0x0, 0x1, 0xfc, 0x0, 0x2, 0xff,
    0xf0, 0x0, 0x0, 0x2d, 0x0, 0x0, 0x7f, 0xe0,
    0x0, 0x0, 0x0, 0x0, 0x0, 0x4, 0x0, 0x0,
    0x0, 0x0,

    /* U+5EA6 "度" */
    0x0, 0x0, 0x0, 0x1, 0xa0, 0x0, 0x0, 0x0,
    0x0, 0x0, 0x0, 0x3f, 0x0, 0x0, 0x0, 0x0,
    0x0, 0x0, 0x2, 0xf4, 0x0, 0x0, 0x0, 0xa,
    0xaa, 0xaa, 0xbf, 0xea, 0xaa, 0xa8, 0x0, 0xff,
    0xff, 0xff, 0xff, 0xff, 0xff, 0xc0, 0xf, 0xff,
    0xff, 0xff, 0xff, 0xff, 0xfc, 0x0, 0xfc, 0x0,
    0x0, 0x0, 0x0, 0x0, 0x0, 0xf, 0xc0, 0x2f,
    0x0, 0x3, 0xf0, 0x0, 0x0, 0xfc, 0x2, 0xf4,
    0x0, 0x3f, 0x0, 0x0, 0xf, 0xdf, 0xff, 0xff,
    0xff, 0xff, 0xf8, 0x0, 0xfd, 0xff, 0xff, 0xff,
    0xff, 0xff, 0x80, 0xf, 0xc5, 0x6f, 0x95, 0x57,
    0xf5, 0x54, 0x0, 0xfc, 0x2, 0xf0, 0x0, 0x3f,
    0x0, 0x0, 0xf, 0xc0, 0x2f, 0x95, 0x57, 0xf0,
    0x0, 0x0, 0xfc, 0x2, 0xff, 0xff, 0xff, 0x0,
    0x0, 0xf, 0xc0, 0x2f, 0xff, 0xff, 0xf0, 0x0,
    0x0, 0xfc, 0x0, 0x0, 0x0, 0x0, 0x0, 0x0,
    0xf, 0xc5, 0x55, 0x55, 0x55, 0x55, 0x0, 0x0,
    0xf8, 0xff, 0xff, 0xff, 0xff, 0xf0, 0x0, 0xf,
    0x8f, 0xff, 0xff, 0xff, 0xff, 0x0, 0x1, 0xf4,
    0xf, 0xe0, 0x0, 0x1f, 0xe0, 0x0, 0x2f, 0x40,
    0x3f, 0x80, 0x7, 0xf8, 0x0, 0x3, 0xf0, 0x0,
    0xff, 0x3, 0xfe, 0x0, 0x0, 0x3f, 0x0, 0x2,
    0xff, 0xff, 0x40, 0x0, 0x7, 0xe0, 0x0, 0xf,
    0xff, 0xc0, 0x0, 0x0, 0xfc, 0x0, 0x6f, 0xff,
    0xff, 0xe5, 0x0, 0x1f, 0xc6, 0xff, 0xff, 0x8b,
    0xff, 0xff, 0xd3, 0xf4, 0xff, 0xfe, 0x40, 0x6,
    0xff, 0xfd, 0x1f, 0x7, 0xe4, 0x0, 0x0, 0x0,
    0x6f, 0xc0, 0x0, 0x0, 0x0, 0x0, 0x0, 0x0,
    0x0,

    /* U+62E9 "择" */
    0x0, 0x4, 0x0, 0x0, 0x0, 0x0, 0x0, 0x0,
    0x1, 0xf4, 0x0, 0x0, 0x0, 0x0, 0x0, 0x0,
    0x1f, 0x40, 0xff, 0xff, 0xff, 0xfd, 0x0, 0x1,
    0xf4, 0xf, 0xff, 0xff, 0xff, 0xd0, 0x0, 0x1f,
    0x40, 0xbf, 0xaa, 0xaa, 0xfc, 0x0, 0x1, 0xf4,
    0x1, 0xf8, 0x0, 0x1f, 0x80, 0xf, 0xff, 0xfd,
    0xf, 0xd0, 0x7, 0xf0, 0x0, 0xff, 0xff, 0xd0,
    0x3f, 0x42, 0xfc, 0x0, 0xa, 0xbf, 0xe9, 0x0,
    0xfe, 0xff, 0x0, 0x0, 0x1, 0xf4, 0x0, 0x3,
    0xff, 0xc0, 0x0, 0x0, 0x1f, 0x40, 0x0, 0xbf,
    0xfe, 0x0, 0x0, 0x1, 0xf4, 0x1, 0xbf, 0xff,
    0xff, 0x90, 0x0, 0x1f, 0x66, 0xff, 0xf4, 0x1f,
    0xff, 0xe0, 0x1, 0xff, 0xaf, 0xe4, 0x68, 0x1b,
    0xfd, 0x0, 0x7f, 0xfc, 0xe0, 0xb, 0xc0, 0x2,
    0xc0, 0xbf, 0xfe, 0x40, 0x0, 0xbc, 0x0, 0x0,
    0x3f, 0xff, 0x40, 0x55, 0x5f, 0xe5, 0x54, 0x2,
    0xfe, 0xf4, 0xf, 0xff, 0xff, 0xff, 0xd0, 0x18,
    0x1f, 0x40, 0xbf, 0xff, 0xff, 0xfd, 0x0, 0x1,
    0xf4, 0x0, 0x0, 0xbc, 0x0, 0x0, 0x0, 0x1f,
    0x40, 0x0, 0xb, 0xc0, 0x0, 0x0, 0x1, 0xf4,
    0x0, 0x0, 0xbd, 0x0, 0x0, 0x0, 0x1f, 0x47,
    0xff, 0xff, 0xff, 0xff, 0xc0, 0x1, 0xf4, 0x7f,
    0xff, 0xff, 0xff, 0xfc, 0x0, 0x1f, 0x41, 0x55,
    0x5f, 0xd5, 0x55, 0x0, 0x3, 0xf4, 0x0, 0x0,
    0xbc, 0x0, 0x0, 0xb, 0xff, 0x0, 0x0, 0xb,
    0xc0, 0x0, 0x0, 0x3f, 0xe0, 0x0, 0x0, 0xbc,
    0x0, 0x0, 0x2, 0x90, 0x0, 0x0, 0xb, 0xc0,
    0x0, 0x0,

    /* U+6587 "文" */
    0x0, 0x0, 0x0, 0x68, 0x0, 0x0, 0x0, 0x0,
    0x0, 0x0, 0xb, 0xe0, 0x0, 0x0, 0x0, 0x0,
    0x0, 0x0, 0x7f, 0x0, 0x0, 0x0, 0x0, 0x0,
    0x0, 0x3, 0xf0, 0x0, 0x0, 0x0, 0x0, 0x0,
    0x0, 0x3f, 0x40, 0x0, 0x0, 0x2, 0xff, 0xff,
    0xff, 0xff, 0xff, 0xff, 0xf0, 0x2f, 0xff, 0xff,
    0xff, 0xff, 0xff, 0xff, 0x2, 0xff, 0xff, 0xff,
    0xff, 0xff, 0xff, 0xf0, 0x0, 0xf, 0xd0, 0x0,
    0x0, 0xfc, 0x0, 0x0, 0x0, 0x7e, 0x0, 0x0,
    0x2f, 0x80, 0x0, 0x0, 0x3, 0xf0, 0x0, 0x3,
    0xf4, 0x0, 0x0, 0x0, 0x3f, 0x40, 0x0, 0x3f,
    0x0, 0x0, 0x0, 0x1, 0xfc, 0x0, 0xb, 0xe0,
    0x0, 0x0, 0x0, 0xf, 0xd0, 0x0, 0xfc, 0x0,
    0x0, 0x0, 0x0, 0x7f, 0x0, 0x2f, 0xc0, 0x0,
    0x0, 0x0, 0x3, 0xf4, 0x7, 0xf0, 0x0, 0x0,
    0x0, 0x0, 0xf, 0xd0, 0xfe, 0x0, 0x0, 0x0,
    0x0, 0x0, 0xbf, 0x3f, 0xc0, 0x0, 0x0, 0x0,
    0x0, 0x3, 0xff, 0xf0, 0x0, 0x0, 0x0, 0x0,
    0x0, 0xf, 0xfd, 0x0, 0x0, 0x0, 0x0, 0x0,
    0x0, 0xff, 0xd0, 0x0, 0x0, 0x0, 0x0, 0x0,
    0x7f, 0xff, 0x80, 0x0, 0x0, 0x0, 0x0, 0x7f,
    0xf6, 0xff, 0x80, 0x0, 0x0, 0x0, 0x7f, 0xfc,
    0x7, 0xff, 0x40, 0x0, 0x0, 0x7f, 0xfd, 0x0,
    0xf, 0xff, 0x80, 0x0, 0xbf, 0xfe, 0x0, 0x0,
    0x1f, 0xff, 0xe0, 0xbf, 0xfe, 0x0, 0x0, 0x0,
    0x1f, 0xff, 0xc3, 0xfe, 0x0, 0x0, 0x0, 0x0,
    0x1f, 0xf4, 0x2e, 0x0, 0x0, 0x0, 0x0, 0x0,
    0xb, 0x0, 0x0, 0x0, 0x0, 0x0, 0x0, 0x0,
    0x0,

    /* U+65AD "断" */
    0x0, 0x0, 0x40, 0x0, 0x0, 0x0, 0x0, 0x40,
    0x2, 0xf0, 0x0, 0x0, 0x6, 0xc0, 0xf8, 0x2,
    0xf0, 0x0, 0x6, 0xbf, 0xe0, 0xfe, 0xc2, 0xf0,
    0xba, 0xff, 0xff, 0xf0, 0xfb, 0xe2, 0xf0, 0xf7,
    0xff, 0xfe, 0x40, 0xf9, 0xf2, 0xf1, 0xf3, 0xfe,
    0x40, 0x0, 0xf8, 0xfa, 0xf3, 0xe3, 0xf0, 0x0,
    0x0, 0xf8, 0x7e, 0xf7, 0xc3, 0xf0, 0x0, 0x0,
    0xf8, 0x3e, 0xfb, 0xc3, 0xf0, 0x0, 0x0, 0xf8,
    0x12, 0xf0, 0x3, 0xf0, 0x0, 0x0, 0xf8, 0x2,
    0xf0, 0x3, 0xf0, 0x0, 0x0, 0xfa, 0xff, 0xff,
    0xf3, 0xff, 0xff, 0xfc, 0xfa, 0xff, 0xff, 0xf3,
    0xff, 0xff, 0xfc, 0xf9, 0xaf, 0xfa, 0xa3, 0xff,
    0xff, 0xfc, 0xf8, 0xb, 0xf0, 0x3, 0xf0, 0x3e,
    0x0, 0xf8, 0xf, 0xf8, 0x3, 0xf0, 0x3e, 0x0,
    0xf8, 0x2f, 0xff, 0x3, 0xf0, 0x3e, 0x0, 0xf8,
    0x7f, 0xff, 0xc3, 0xf0, 0x3e, 0x0, 0xf8, 0xfe,
    0xf7, 0xe3, 0xf0, 0x3e, 0x0, 0xff, 0xf6, 0xf2,
    0xf7, 0xe0, 0x3e, 0x0, 0xff, 0xe2, 0xf0, 0xe3,
    0xe0, 0x3e, 0x0, 0xfa, 0xc2, 0xf0, 0x3, 0xd0,
    0x3e, 0x0, 0xf8, 0x2, 0xf0, 0x7, 0xd0, 0x3e,
    0x0, 0xf8, 0x2, 0xf0, 0xf, 0xc0, 0x3e, 0x0,
    0xf8, 0x0, 0x50, 0xf, 0x80, 0x3e, 0x0, 0xff,
    0xff, 0xff, 0x6f, 0x40, 0x3e, 0x0, 0xff, 0xff,
    0xff, 0xbf, 0x0, 0x3e, 0x0, 0xff, 0xff, 0xff,
    0xfd, 0x0, 0x3e, 0x0, 0x0, 0x0, 0x0, 0xbc,
    0x0, 0x3e, 0x0, 0x0, 0x0, 0x0, 0x0, 0x0,
    0x0, 0x0,

    /* U+6B63 "正" */
    0xb, 0xff, 0xff, 0xff, 0xff, 0xff, 0xfd, 0x2,
    0xff, 0xff, 0xff, 0xff, 0xff, 0xff, 0x80, 0xbf,
    0xff, 0xff, 0xff, 0xff, 0xff, 0xe0, 0x0, 0x0,
    0x0, 0x2f, 0x80, 0x0, 0x0, 0x0, 0x0, 0x0,
    0xb, 0xd0, 0x0, 0x0, 0x0, 0x0, 0x0, 0x2,
    0xf4, 0x0, 0x0, 0x0, 0x0, 0x0, 0x0, 0xbd,
    0x0, 0x0, 0x0, 0x0, 0x54, 0x0, 0x2f, 0x40,
    0x0, 0x0, 0x0, 0x2f, 0x40, 0xb, 0xd0, 0x0,
    0x0, 0x0, 0xb, 0xd0, 0x2, 0xf4, 0x0, 0x0,
    0x0, 0x2, 0xf4, 0x0, 0xbe, 0x0, 0x0, 0x0,
    0x0, 0xbd, 0x0, 0x2f, 0xff, 0xff, 0xd0, 0x0,
    0x2f, 0x40, 0xb, 0xff, 0xff, 0xf4, 0x0, 0xb,
    0xd0, 0x2, 0xff, 0xff, 0xfd, 0x0, 0x2, 0xf4,
    0x0, 0xbd, 0x0, 0x0, 0x0, 0x0, 0xbd, 0x0,
    0x2f, 0x40, 0x0, 0x0, 0x0, 0x2f, 0x40, 0xb,
    0xd0, 0x0, 0x0, 0x0, 0xb, 0xd0, 0x2, 0xf4,
    0x0, 0x0, 0x0, 0x2, 0xf4, 0x0, 0xbd, 0x0,
    0x0, 0x0, 0x0, 0xbd, 0x0, 0x2f, 0x40, 0x0,
    0x0, 0x0, 0x2f, 0x40, 0xb, 0xd0, 0x0, 0x0,
    0x0, 0xb, 0xd0, 0x2, 0xf4, 0x0, 0x0, 0x0,
    0x2, 0xf4, 0x0, 0xbe, 0x0, 0x0, 0x2, 0xff,
    0xff, 0xff, 0xff, 0xff, 0xff, 0xff, 0xbf, 0xff,
    0xff, 0xff, 0xff, 0xff, 0xff, 0xdf, 0xff, 0xff,
    0xff, 0xff, 0xff, 0xff, 0xe0,

    /* U+6CE2 "波" */
    0x0, 0x0, 0x0, 0x0, 0x2a, 0x0, 0x0, 0x0,
    0x24, 0x0, 0x0, 0x3, 0xf0, 0x0, 0x0, 0x7,
    0xe0, 0x0, 0x0, 0x3f, 0x0, 0x0, 0x0, 0xbf,
    0xc0, 0x0, 0x3, 0xf0, 0x0, 0x0, 0x1, 0xff,
    0xf, 0xff, 0xff, 0xff, 0xfe, 0x0, 0x3, 0xfc,
    0xff, 0xff, 0xff, 0xff, 0xf0, 0x0, 0xf, 0xf,
    0xff, 0xff, 0xff, 0xff, 0x0, 0x0, 0x10, 0xfc,
    0x3, 0xf0, 0x7, 0xe0, 0x18, 0x0, 0xf, 0xc0,
    0x3f, 0x0, 0xfc, 0x3, 0xf0, 0x0, 0xfc, 0x3,
    0xf0, 0x1f, 0x80, 0x7f, 0xd0, 0xf, 0xc0, 0x3f,
    0x0, 0x20, 0x0, 0xff, 0x80, 0xfc, 0x3, 0xf0,
    0x0, 0x0, 0x2, 0xfd, 0xf, 0xea, 0xbf, 0xea,
    0xa0, 0x0, 0xb, 0xc0, 0xff, 0xff, 0xff, 0xff,
    0x0, 0x0, 0x14, 0xf, 0xff, 0xff, 0xff, 0xf0,
    0x0, 0x0, 0x0, 0xfa, 0xf0, 0x0, 0x3f, 0x0,
    0x0, 0x0, 0xf, 0x9f, 0x80, 0xb, 0xd0, 0x0,
    0xb, 0x80, 0xf8, 0xfc, 0x0, 0xfc, 0x0, 0x0,
    0xfc, 0x1f, 0x47, 0xe0, 0x2f, 0x80, 0x0, 0x1f,
    0xc2, 0xf4, 0x3f, 0x47, 0xf0, 0x0, 0x2, 0xf4,
    0x2f, 0x0, 0xfd, 0xfd, 0x0, 0x0, 0x3f, 0x3,
    0xf0, 0x7, 0xff, 0x80, 0x0, 0x7, 0xf0, 0x7e,
    0x0, 0x3f, 0xf0, 0x0, 0x0, 0xbd, 0xb, 0xd0,
    0xb, 0xff, 0x80, 0x0, 0xf, 0xc0, 0xfc, 0xb,
    0xfe, 0xff, 0x40, 0x1, 0xfc, 0x3f, 0x4b, 0xff,
    0x7, 0xff, 0x40, 0x3f, 0x47, 0xfb, 0xff, 0x80,
    0xb, 0xff, 0x83, 0xf0, 0xfe, 0xff, 0x80, 0x0,
    0x1f, 0xf8, 0x1, 0x7, 0xcb, 0x80, 0x0, 0x0,
    0x1f, 0x0, 0x0, 0x0, 0x0, 0x0, 0x0, 0x0,
    0x0,

    /* U+7387 "率" */
    0x0, 0x0, 0x0, 0x2b, 0x0, 0x0, 0x0, 0x0,
    0x0, 0x0, 0xf, 0xd0, 0x0, 0x0, 0x0, 0x0,
    0x0, 0x2, 0xf8, 0x0, 0x0, 0x0, 0x3f, 0xff,
    0xff, 0xff, 0xff, 0xff, 0xfc, 0xf, 0xff, 0xff,
    0xff, 0xff, 0xff, 0xff, 0x2, 0xaa, 0xaa, 0xbf,
    0xaa, 0xaa, 0xaa, 0x80, 0x0, 0x0, 0xf, 0xc0,
    0x10, 0x0, 0x0, 0xf, 0x0, 0xf, 0xd0, 0x3d,
    0x1, 0xf0, 0xf, 0xf0, 0xb, 0xd0, 0x3f, 0x42,
    0xfd, 0x0, 0xbf, 0x1f, 0xfa, 0xbf, 0x42, 0xfd,
    0x0, 0xb, 0xff, 0xff, 0xff, 0x87, 0xfc, 0x0,
    0x0, 0xbe, 0xfe, 0xbf, 0x80, 0xf8, 0x0, 0x0,
    0x8, 0x0, 0x2f, 0x88, 0x14, 0x0, 0x0, 0x1,
    0xf0, 0x3f, 0x8f, 0x83, 0x40, 0x0, 0x2, 0xfd,
    0x3f, 0x42, 0xf7, 0xfc, 0x0, 0x7, 0xfe, 0xbf,
    0x40, 0x7f, 0x7f, 0xd0, 0x1f, 0xfd, 0xff, 0xff,
    0xff, 0xe2, 0xfe, 0x7, 0xf8, 0x3f, 0xff, 0xff,
    0xfc, 0x1f, 0xc0, 0xf0, 0xa, 0x95, 0x90, 0xe,
    0x0, 0xd0, 0x0, 0x0, 0x0, 0x7d, 0x1, 0x0,
    0x0, 0x0, 0x0, 0x0, 0x1f, 0x40, 0x0, 0x0,
    0xf, 0xff, 0xff, 0xff, 0xff, 0xff, 0xff, 0xf3,
    0xff, 0xff, 0xff, 0xff, 0xff, 0xff, 0xfc, 0xaa,
    0xaa, 0xaa, 0xff, 0xaa, 0xaa, 0xaa, 0x0, 0x0,
    0x0, 0x1f, 0x40, 0x0, 0x0, 0x0, 0x0, 0x0,
    0x7, 0xd0, 0x0, 0x0, 0x0, 0x0, 0x0, 0x1,
    0xf4, 0x0, 0x0, 0x0, 0x0, 0x0, 0x0, 0x7d,
    0x0, 0x0, 0x0, 0x0, 0x0, 0x0, 0x1f, 0x40,
    0x0, 0x0, 0x0,

    /* U+77EB "矫" */
    0x0, 0xa0, 0x0, 0x0, 0x0, 0x0, 0x0, 0x0,
    0x2f, 0x0, 0x0, 0x0, 0x15, 0xbf, 0x80, 0x3,
    0xf0, 0x0, 0xbf, 0xff, 0xff, 0xfc, 0x0, 0x3e,
    0x0, 0xf, 0xff, 0xff, 0xfe, 0x80, 0x7, 0xff,
    0xfd, 0xff, 0xbf, 0x90, 0x0, 0x0, 0xbf, 0xff,
    0xd0, 0x1, 0xf4, 0x0, 0x0, 0xf, 0xff, 0xfd,
    0x0, 0x2f, 0x0, 0x0, 0x1, 0xf6, 0xf0, 0x0,
    0x3, 0xf0, 0x0, 0x0, 0x3f, 0x2f, 0x0, 0x0,
    0x3f, 0x0, 0x0, 0x3, 0xe2, 0xf0, 0x7f, 0xff,
    0xff, 0xff, 0xf4, 0x2c, 0x2f, 0x7, 0xff, 0xff,
    0xff, 0xff, 0x40, 0x2, 0xf0, 0x2a, 0xaf, 0xff,
    0xaa, 0xa0, 0x0, 0x2f, 0x0, 0x2, 0xf9, 0xf8,
    0x0, 0x7, 0xff, 0xff, 0xf0, 0x3f, 0xb, 0xe0,
    0x0, 0x7f, 0xff, 0xff, 0xf, 0xd0, 0x3f, 0x80,
    0x2, 0xab, 0xfa, 0xa3, 0xf8, 0x0, 0xfe, 0x0,
    0x0, 0x2f, 0x0, 0xff, 0x0, 0x7, 0xfd, 0x0,
    0x3, 0xf0, 0x7f, 0xfc, 0x2, 0xff, 0xfc, 0x0,
    0x3e, 0x1f, 0xeb, 0xc0, 0x2f, 0x2f, 0xd0, 0x3,
    0xf4, 0xb4, 0xbc, 0x2, 0xf0, 0x78, 0x0, 0xbf,
    0xc0, 0xb, 0xc0, 0x2f, 0x0, 0x0, 0xf, 0xff,
    0x0, 0xbc, 0x2, 0xf0, 0x0, 0x1, 0xf6, 0xf8,
    0xf, 0xc0, 0x2f, 0x0, 0x0, 0x3f, 0xf, 0xc0,
    0xf8, 0x2, 0xf0, 0x0, 0xb, 0xe0, 0x7f, 0x2f,
    0x40, 0x2f, 0x0, 0x0, 0xfc, 0x2, 0xc3, 0xf0,
    0x2, 0xf0, 0x0, 0x3f, 0x40, 0x0, 0xfd, 0x0,
    0x2f, 0x0, 0xb, 0xe0, 0x0, 0x3f, 0x80, 0x2,
    0xf0, 0x0, 0x2c, 0x0, 0x3, 0xe0, 0x0, 0x2f,
    0x0, 0x0, 0x0, 0x0, 0x8, 0x0, 0x0, 0x0,
    0x0,

    /* U+79F0 "称" */
    0x0, 0x0, 0x0, 0x0, 0x94, 0x0, 0x0, 0x0,
    0x0, 0x0, 0x68, 0x3, 0xe0, 0x0, 0x0, 0x0,
    0x16, 0xbf, 0xf0, 0x2f, 0x40, 0x0, 0x0, 0x3,
    0xff, 0xff, 0xc0, 0xfc, 0x0, 0x0, 0x0, 0xf,
    0xff, 0xd0, 0x3, 0xff, 0xff, 0xff, 0xc0, 0x15,
    0x7e, 0x0, 0x2f, 0xff, 0xff, 0xff, 0x0, 0x0,
    0xf8, 0x0, 0xff, 0xff, 0xff, 0xfc, 0x0, 0x3,
    0xe0, 0x7, 0xe0, 0x0, 0x7, 0xf0, 0x0, 0xf,
    0x80, 0x3f, 0x0, 0x0, 0x2f, 0x40, 0x3f, 0xff,
    0xf9, 0xf8, 0x5, 0x40, 0xfc, 0x0, 0xff, 0xff,
    0xff, 0xc0, 0x3f, 0xb, 0xd0, 0x2, 0xaf, 0xfa,
    0xbe, 0x0, 0xfc, 0x2f, 0x0, 0x0, 0x1f, 0x80,
    0x20, 0x3, 0xf0, 0x0, 0x0, 0x0, 0xfe, 0x0,
    0x0, 0xf, 0xc0, 0x0, 0x0, 0x7, 0xff, 0x0,
    0x78, 0x3f, 0xa, 0x0, 0x0, 0x3f, 0xff, 0x3,
    0xf0, 0xfc, 0xbc, 0x0, 0x1, 0xff, 0xfe, 0xf,
    0x83, 0xf0, 0xf8, 0x0, 0xf, 0xfe, 0xfd, 0xbc,
    0xf, 0xc2, 0xf0, 0x0, 0x7d, 0xf8, 0xe3, 0xf0,
    0x3f, 0x3, 0xe0, 0x3, 0xf3, 0xe0, 0x1f, 0x40,
    0xfc, 0xf, 0xc0, 0x2f, 0x4f, 0x80, 0xfc, 0x3,
    0xf0, 0x1f, 0x80, 0xfc, 0x3e, 0x7, 0xe0, 0xf,
    0xc0, 0x3f, 0x0, 0xd0, 0xf8, 0x3f, 0x0, 0x3f,
    0x0, 0x7d, 0x0, 0x3, 0xe1, 0xf8, 0x0, 0xfc,
    0x0, 0xfc, 0x0, 0xf, 0x8f, 0xc0, 0x3, 0xf0,
    0x2, 0xf0, 0x0, 0x3e, 0x1e, 0x0, 0x1f, 0x80,
    0x7, 0x0, 0x0, 0xf8, 0x0, 0x1f, 0xfe, 0x0,
    0x0, 0x0, 0x3, 0xe0, 0x0, 0x3f, 0xf0, 0x0,
    0x0, 0x0, 0xf, 0x80, 0x0, 0xf9, 0x0, 0x0,
    0x0,

    /* U+7AEF "端" */
    0x0, 0x0, 0x0, 0x0, 0x2, 0x80, 0x0, 0x0,
    0x7, 0xc0, 0x0, 0x0, 0x3c, 0x0, 0x0, 0x0,
    0x7d, 0x0, 0xf4, 0x3, 0xc0, 0x3e, 0x0, 0x3,
    0xe0, 0xf, 0x80, 0x3c, 0x3, 0xe0, 0x0, 0x3e,
    0x0, 0xf8, 0x3, 0xc0, 0x3e, 0x0, 0x57, 0xf5,
    0x4f, 0x80, 0x3c, 0x3, 0xe0, 0x1f, 0xff, 0xfc,
    0xf9, 0x5b, 0xe5, 0x7e, 0x1, 0xff, 0xff, 0xcf,
    0xff, 0xff, 0xff, 0xe0, 0x5, 0x55, 0x50, 0xff,
    0xff, 0xff, 0xfe, 0x0, 0x0, 0x4, 0x0, 0x0,
    0x0, 0x0, 0x0, 0xf, 0x40, 0xf8, 0x0, 0x0,
    0x0, 0x0, 0x0, 0xb8, 0xf, 0x6f, 0xff, 0xff,
    0xff, 0xfc, 0xb, 0xc0, 0xf3, 0xff, 0xff, 0xff,
    0xff, 0xc0, 0x7c, 0x1f, 0x15, 0x55, 0xfd, 0x55,
    0x54, 0x3, 0xc2, 0xf0, 0x0, 0xf, 0x80, 0x0,
    0x0, 0x3d, 0x2e, 0x0, 0x1, 0xf4, 0x0, 0x0,
    0x3, 0xe3, 0xd1, 0xff, 0xff, 0xff, 0xff, 0x0,
    0x2f, 0x3d, 0x1f, 0xff, 0xff, 0xff, 0xf0, 0x1,
    0xf3, 0xc1, 0xf9, 0xfd, 0xbe, 0x6f, 0x0, 0x1f,
    0x7c, 0x1f, 0xb, 0xc3, 0xd1, 0xf0, 0x0, 0xeb,
    0x81, 0xf0, 0xbc, 0x3d, 0x1f, 0x0, 0x0, 0xf4,
    0x1f, 0xb, 0xc3, 0xd1, 0xf0, 0x0, 0xf, 0xfd,
    0xf0, 0xbc, 0x3d, 0x1f, 0x0, 0x1b, 0xff, 0xdf,
    0xb, 0xc3, 0xd1, 0xf0, 0x3f, 0xff, 0xf9, 0xf0,
    0xbc, 0x3d, 0x1f, 0x3, 0xff, 0x90, 0x1f, 0xb,
    0xc3, 0xd1, 0xf0, 0x14, 0x0, 0x1, 0xf0, 0xbc,
    0x19, 0x7f, 0x0, 0x0, 0x0, 0x1f, 0x0, 0x0,
    0x3f, 0xf0, 0x0, 0x0, 0x1, 0xf0, 0x0, 0x3,
    0xf8, 0x0, 0x0, 0x0, 0x0, 0x0, 0x0, 0x0,
    0x0,

    /* U+8870 "衰" */
    0x0, 0x0, 0x0, 0x0, 0x0, 0x0, 0x0, 0x0,
    0x0, 0x0, 0x2, 0xe0, 0x0, 0x0, 0x0, 0x0,
    0x0, 0x0, 0x3f, 0x0, 0x0, 0x0, 0x0, 0x0,
    0x0, 0x3, 0xf0, 0x0, 0x0, 0x0, 0xf, 0xff,
    0xff, 0xff, 0xff, 0xff, 0xfe, 0x0, 0xff, 0xff,
    0xff, 0xff, 0xff, 0xff, 0xe0, 0x5, 0x55, 0x55,
    0x55, 0x55, 0x55, 0x55, 0x0, 0x0, 0x0, 0x0,
    0x0, 0x0, 0x0, 0x0, 0x0, 0x3f, 0xff, 0xff,
    0xff, 0xff, 0x80, 0x0, 0x7, 0xff, 0xff, 0xff,
    0xff, 0xf8, 0x0, 0x0, 0x7e, 0x55, 0x55, 0x55,
    0x6f, 0x80, 0x0, 0x7, 0xe0, 0x0, 0x0, 0x0,
    0xf8, 0x0, 0x15, 0xbe, 0x55, 0x55, 0x55, 0x6f,
    0xd5, 0x43, 0xff, 0xff, 0xff, 0xff, 0xff, 0xff,
    0xf8, 0x3f, 0xff, 0xff, 0xff, 0xff, 0xff, 0xff,
    0x80, 0x7, 0xe0, 0x0, 0x0, 0x0, 0xf8, 0x0,
    0x0, 0x7e, 0x55, 0x55, 0x55, 0x6f, 0x80, 0x0,
    0x7, 0xff, 0xff, 0xff, 0xff, 0xf8, 0x0, 0x0,
    0x7f, 0xff, 0xff, 0xff, 0xff, 0x80, 0x0, 0x0,
    0x0, 0x7f, 0xf0, 0x0, 0x1d, 0x0, 0x0, 0x0,
    0x2f, 0xff, 0xc0, 0xb, 0xf0, 0x0, 0x0, 0x1f,
    0xf8, 0xbf, 0xb, 0xfe, 0x0, 0x0, 0x2f, 0xfc,
    0x2, 0xff, 0xff, 0x0, 0x0, 0x6f, 0xff, 0x80,
    0xf, 0xff, 0x40, 0x0, 0x7f, 0xfe, 0xf8, 0x0,
    0x2f, 0xf4, 0x0, 0x7, 0xfe, 0xf, 0x80, 0x4,
    0x7f, 0xf9, 0x0, 0x3d, 0x0, 0xf8, 0x6f, 0xc0,
    0xbf, 0xfe, 0x0, 0x0, 0xf, 0xff, 0xfc, 0x0,
    0xbf, 0xfc, 0x0, 0x3, 0xff, 0xfe, 0x40, 0x0,
    0xbf, 0x80, 0x0, 0x2f, 0xe4, 0x0, 0x0, 0x0,
    0x60, 0x0, 0x1, 0x90, 0x0, 0x0, 0x0, 0x0,
    0x0,

    /* U+8A00 "言" */
    0x0, 0x0, 0x0, 0x1, 0x0, 0x0, 0x0, 0x0,
    0x0, 0x0, 0xf, 0xc0, 0x0, 0x0, 0x0, 0x0,
    0x0, 0x3, 0xf4, 0x0, 0x0, 0x0, 0x0, 0x0,
    0x0, 0xbe, 0x0, 0x0, 0x0, 0x7f, 0xff, 0xff,
    0xff, 0xff, 0xff, 0xff, 0xdf, 0xff, 0xff, 0xff,
    0xff, 0xff, 0xff, 0xf2, 0xaa, 0xaa, 0xaa, 0xaa,
    0xaa, 0xaa, 0xa8, 0x0, 0x0, 0x0, 0x0, 0x0,
    0x0, 0x0, 0x0, 0x2a, 0xaa, 0xaa, 0xaa, 0xaa,
    0x80, 0x0, 0x1f, 0xff, 0xff, 0xff, 0xff, 0xf0,
    0x0, 0x7, 0xff, 0xff, 0xff, 0xff, 0xfc, 0x0,
    0x0, 0x0, 0x0, 0x0, 0x0, 0x0, 0x0, 0x0,
    0x0, 0x0, 0x0, 0x0, 0x0, 0x0, 0x0, 0xa,
    0xaa, 0xaa, 0xaa, 0xaa, 0xa0, 0x0, 0x7, 0xff,
    0xff, 0xff, 0xff, 0xfc, 0x0, 0x1, 0xff, 0xff,
    0xff, 0xff, 0xff, 0x0, 0x0, 0x0, 0x0, 0x0,
    0x0, 0x0, 0x0, 0x0, 0x0, 0x0, 0x0, 0x0,
    0x0, 0x0, 0x0, 0xa, 0xaa, 0xaa, 0xaa, 0xaa,
    0xa9, 0x0, 0x3, 0xff, 0xff, 0xff, 0xff, 0xff,
    0x80, 0x0, 0xff, 0xff, 0xff, 0xff, 0xff, 0xe0,
    0x0, 0x3f, 0x0, 0x0, 0x0, 0x1, 0xf8, 0x0,
    0xf, 0xc0, 0x0, 0x0, 0x0, 0x7e, 0x0, 0x3,
    0xf0, 0x0, 0x0, 0x0, 0x1f, 0x80, 0x0, 0xfc,
    0x0, 0x0, 0x0, 0x7, 0xe0, 0x0, 0x3f, 0xff,
    0xff, 0xff, 0xff, 0xf8, 0x0, 0xf, 0xff, 0xff,
    0xff, 0xff, 0xfe, 0x0, 0x3, 0xfa, 0xaa, 0xaa,
    0xaa, 0xaf, 0x80, 0x0, 0xfc, 0x0, 0x0, 0x0,
    0x7, 0xd0, 0x0,

    /* U+8BBE "设" */
    0x0, 0x0, 0x0, 0x0, 0x0, 0x0, 0x0, 0x0,
    0xe, 0x0, 0x0, 0x0, 0x0, 0x0, 0x0, 0x3,
    0xf4, 0x0, 0x3f, 0xff, 0xff, 0x0, 0x0, 0x2f,
    0xd0, 0x3, 0xff, 0xff, 0xf0, 0x0, 0x0, 0xbf,
    0x40, 0x3f, 0x55, 0x7f, 0x0, 0x0, 0x3, 0xfc,
    0x3, 0xf0, 0x3, 0xf0, 0x0, 0x0, 0xf, 0xc0,
    0x3f, 0x0, 0x3f, 0x0, 0x0, 0x0, 0x70, 0x7,
    0xe0, 0x3, 0xf0, 0x0, 0x0, 0x0, 0x0, 0xfd,
    0x0, 0x2f, 0xfa, 0x0, 0x0, 0x0, 0x3f, 0xc0,
    0x2, 0xff, 0xf0, 0xbf, 0xfc, 0xf, 0xf0, 0x0,
    0xb, 0xff, 0xf, 0xff, 0xd0, 0xbc, 0x0, 0x0,
    0x0, 0x0, 0xff, 0xfd, 0x1, 0x0, 0x0, 0x0,
    0x0, 0x0, 0xb, 0xd0, 0xbf, 0xff, 0xff, 0xff,
    0x0, 0x0, 0xbd, 0xb, 0xff, 0xff, 0xff, 0xf0,
    0x0, 0xb, 0xd0, 0x6f, 0xea, 0xaa, 0xbf, 0x0,
    0x0, 0xbd, 0x0, 0xbd, 0x0, 0xb, 0xe0, 0x0,
    0xb, 0xd0, 0x3, 0xf0, 0x0, 0xfc, 0x0, 0x0,
    0xbd, 0x0, 0x2f, 0x80, 0x3f, 0x80, 0x0, 0xb,
    0xd0, 0x0, 0xfd, 0xb, 0xf0, 0x0, 0x0, 0xbd,
    0x4, 0x7, 0xf2, 0xfc, 0x0, 0x0, 0xb, 0xd2,
    0xd0, 0x2f, 0xff, 0x40, 0x0, 0x0, 0xbd, 0xff,
    0x0, 0xbf, 0xd0, 0x0, 0x0, 0xb, 0xff, 0xd0,
    0x2f, 0xff, 0x0, 0x0, 0x0, 0xff, 0xf0, 0x2f,
    0xff, 0xfe, 0x40, 0x0, 0xf, 0xf8, 0x2f, 0xfe,
    0xf, 0xff, 0x40, 0x1, 0xfd, 0x7f, 0xfe, 0x0,
    0x1f, 0xff, 0x80, 0x7, 0x43, 0xfe, 0x40, 0x0,
    0x2f, 0xf8, 0x0, 0x0, 0x2e, 0x0, 0x0, 0x0,
    0x1f, 0x0, 0x0, 0x0, 0x0, 0x0, 0x0, 0x0,
    0x0,

    /* U+8BED "语" */
    0x0, 0x0, 0x0, 0x0, 0x0, 0x0, 0x0, 0x0,
    0x3c, 0x1, 0xaa, 0xaa, 0xaa, 0xaa, 0x90, 0xf,
    0xf0, 0x2f, 0xff, 0xff, 0xff, 0xfe, 0x0, 0x3f,
    0x82, 0xff, 0xff, 0xff, 0xff, 0xe0, 0x1, 0xfd,
    0x0, 0x7, 0xe0, 0x0, 0x0, 0x0, 0xb, 0xf0,
    0x0, 0x7d, 0x0, 0x0, 0x0, 0x0, 0x3f, 0x0,
    0xb, 0xc0, 0x0, 0x0, 0x0, 0x0, 0xc0, 0xaa,
    0xfe, 0xaa, 0xa9, 0x0, 0x0, 0x0, 0xf, 0xff,
    0xff, 0xff, 0xe0, 0x0, 0x0, 0x0, 0xff, 0xff,
    0xff, 0xfe, 0x0, 0x2a, 0xa8, 0x0, 0x1f, 0x80,
    0x7, 0xd0, 0x7, 0xff, 0xc0, 0x1, 0xf4, 0x0,
    0x7d, 0x0, 0x7f, 0xfc, 0x0, 0x2f, 0x0, 0xb,
    0xd0, 0x0, 0xf, 0xc6, 0xab, 0xfa, 0xaa, 0xff,
    0xa8, 0x0, 0xfc, 0x7f, 0xff, 0xff, 0xff, 0xff,
    0xc0, 0xf, 0xc7, 0xff, 0xff, 0xff, 0xff, 0xfc,
    0x0, 0xfc, 0x0, 0x0, 0x0, 0x0, 0x0, 0x0,
    0xf, 0xc0, 0x0, 0x0, 0x0, 0x0, 0x0, 0x0,
    0xfc, 0x2, 0xaa, 0xaa, 0xaa, 0xa4, 0x0, 0xf,
    0xc0, 0x3f, 0xff, 0xff, 0xff, 0x80, 0x0, 0xfc,
    0x3, 0xff, 0xff, 0xff, 0xf8, 0x0, 0xf, 0xc3,
    0x3f, 0x0, 0x0, 0x1f, 0x80, 0x0, 0xfd, 0xfb,
    0xf0, 0x0, 0x1, 0xf8, 0x0, 0xf, 0xff, 0xbf,
    0x0, 0x0, 0x1f, 0x80, 0x0, 0xff, 0xe3, 0xf0,
    0x0, 0x1, 0xf8, 0x0, 0xf, 0xf4, 0x3f, 0xff,
    0xff, 0xff, 0x80, 0x1, 0xfc, 0x3, 0xff, 0xff,
    0xff, 0xf8, 0x0, 0x7, 0x0, 0x3f, 0xaa, 0xaa,
    0xaf, 0x80, 0x0, 0x0, 0x3, 0xf0, 0x0, 0x1,
    0xf8, 0x0,

    /* U+8F93 "输" */
    0x0, 0x38, 0x0, 0x0, 0xa, 0x80, 0x0, 0x0,
    0x7, 0xc0, 0x0, 0x2, 0xfd, 0x0, 0x0, 0x0,
    0xbc, 0x0, 0x0, 0x7f, 0xf4, 0x0, 0x0, 0xf,
    0xc0, 0x0, 0x1f, 0xcf, 0xc0, 0x0, 0x2f, 0xff,
    0xfc, 0x7, 0xf4, 0x7f, 0x0, 0x3, 0xff, 0xff,
    0xd1, 0xfe, 0x2, 0xfd, 0x0, 0x3f, 0xff, 0xfd,
    0xbf, 0x80, 0xb, 0xf8, 0x0, 0x2f, 0x0, 0x7f,
    0xf5, 0x55, 0x7f, 0xf4, 0x3, 0xd0, 0x1f, 0xfb,
    0xff, 0xff, 0x7f, 0xc0, 0x7d, 0x50, 0xfc, 0x3f,
    0xff, 0xf0, 0xfc, 0xb, 0xcf, 0x6, 0x0, 0x0,
    0x0, 0x1, 0x40, 0xf8, 0xf0, 0x15, 0x55, 0x40,
    0x3, 0x80, 0xf, 0x4f, 0x2, 0xff, 0xfd, 0x3d,
    0x3c, 0x2, 0xf5, 0xf5, 0x2f, 0xab, 0xd3, 0xd3,
    0xc0, 0x2f, 0xff, 0xfa, 0xe0, 0x3d, 0x3d, 0x3c,
    0x2, 0xff, 0xff, 0xae, 0x3, 0xd3, 0xd3, 0xc0,
    0x5, 0x5f, 0x52, 0xff, 0xfd, 0x3d, 0x3c, 0x0,
    0x0, 0xf0, 0x2f, 0xff, 0xd3, 0xd3, 0xc0, 0x0,
    0xf, 0x2, 0xe5, 0x7d, 0x3d, 0x3c, 0x0, 0x0,
    0xf6, 0x6e, 0x3, 0xd3, 0xd3, 0xc0, 0x6, 0xbf,
    0xfa, 0xe5, 0x7d, 0x3d, 0x3c, 0xb, 0xff, 0xff,
    0xaf, 0xff, 0xd3, 0xd3, 0xc0, 0xbf, 0xff, 0x42,
    0xff, 0xfd, 0x3d, 0x3c, 0x6, 0x50, 0xf0, 0x2e,
    0x3, 0xd1, 0x83, 0xc0, 0x0, 0xf, 0x2, 0xe0,
    0x3d, 0x0, 0x3c, 0x0, 0x0, 0xf0, 0x2e, 0x3,
    0xd0, 0x7, 0xc0, 0x0, 0xf, 0x2, 0xe1, 0xbd,
    0x6, 0xfc, 0x0, 0x0, 0xf0, 0x2e, 0x3f, 0xc0,
    0xff, 0xc0, 0x0, 0xf, 0x2, 0xe1, 0xf4, 0xf,
    0xe0, 0x0, 0x0, 0x0, 0x0, 0x0, 0x0, 0x0,
    0x0,

    /* U+9009 "选" */
    0x0, 0x0, 0x0, 0x0, 0x6, 0x40, 0x0, 0x0,
    0x1, 0x0, 0x0, 0x40, 0x3f, 0x0, 0x0, 0x0,
    0x2f, 0x0, 0x3, 0xe0, 0xfc, 0x0, 0x0, 0x0,
    0xbf, 0x0, 0x1f, 0x43, 0xf0, 0x0, 0x0, 0x0,
    0xfe, 0x0, 0xbc, 0xf, 0xc0, 0x0, 0x0, 0x0,
    0xfd, 0x3, 0xff, 0xff, 0xff, 0xf8, 0x0, 0x1,
    0xfc, 0x1f, 0xff, 0xff, 0xff, 0xe0, 0x0, 0x2,
    0xc0, 0xbe, 0xab, 0xfa, 0xaa, 0x40, 0x0, 0x0,
    0x3, 0xf0, 0xf, 0xc0, 0x0, 0x0, 0x0, 0x0,
    0x2f, 0x80, 0x3f, 0x0, 0x0, 0x0, 0x0, 0x0,
    0x2c, 0x0, 0xfc, 0x0, 0x0, 0x3, 0xff, 0xc0,
    0x0, 0x3, 0xf0, 0x0, 0x0, 0xf, 0xff, 0xf,
    0xff, 0xff, 0xff, 0xff, 0xc0, 0x3f, 0xfc, 0x3f,
    0xff, 0xff, 0xff, 0xff, 0x0, 0x2, 0xf0, 0xaa,
    0xbf, 0xaf, 0xea, 0xa8, 0x0, 0xb, 0xc0, 0x0,
    0xf4, 0x2f, 0x0, 0x0, 0x0, 0x2f, 0x0, 0x7,
    0xd0, 0xbc, 0x0, 0x0, 0x0, 0xbc, 0x0, 0x1f,
    0x42, 0xf0, 0x0, 0x0, 0x2, 0xf0, 0x0, 0xbc,
    0xb, 0xc0, 0x7c, 0x0, 0xb, 0xc0, 0x7, 0xf0,
    0x2f, 0x1, 0xf4, 0x0, 0x2f, 0x0, 0x3f, 0x40,
    0xbc, 0xb, 0xc0, 0x0, 0xbc, 0x7, 0xf8, 0x2,
    0xfe, 0xbf, 0x0, 0x3, 0xf0, 0xbf, 0xc0, 0x7,
    0xff, 0xf8, 0x0, 0x3f, 0xf0, 0xf8, 0x0, 0xb,
    0xff, 0x80, 0x3, 0xff, 0xf1, 0x80, 0x0, 0x0,
    0x0, 0x0, 0x2f, 0xdf, 0xf8, 0x0, 0x0, 0x0,
    0x0, 0x2, 0xfd, 0xf, 0xff, 0xaa, 0xaa, 0xaa,
    0xab, 0xb, 0xe0, 0xb, 0xff, 0xff, 0xff, 0xff,
    0xfc, 0xe, 0x0, 0x2, 0xff, 0xff, 0xff, 0xff,
    0xe0, 0x0, 0x0, 0x0, 0x0, 0x0, 0x0, 0x0,
    0x0,

    /* U+901A "通" */
    0x0, 0x0, 0x0, 0x0, 0x0, 0x0, 0x0, 0x0,
    0x2, 0xc0, 0x5, 0x55, 0x55, 0x55, 0x54, 0x0,
    0x2f, 0x80, 0x3f, 0xff, 0xff, 0xff, 0xf0, 0x0,
    0x3f, 0x0, 0xff, 0xff, 0xff, 0xff, 0xc0, 0x0,
    0x7f, 0x0, 0xf, 0x40, 0xb, 0xf8, 0x0, 0x0,
    0xfd, 0x0, 0x3f, 0x81, 0xff, 0x40, 0x0, 0x0,
    0xfc, 0x0, 0x3f, 0xff, 0xe0, 0x0, 0x0, 0x2,
    0xe0, 0x0, 0x1f, 0xfd, 0x0, 0x0, 0x0, 0x1,
    0x3, 0xff, 0xff, 0xff, 0xfe, 0x0, 0x0, 0x0,
    0xf, 0xff, 0xff, 0xff, 0xfc, 0x0, 0x0, 0x0,
    0x3f, 0x56, 0xf9, 0x57, 0xf0, 0x3, 0xff, 0x80,
    0xf8, 0x3, 0xd0, 0xf, 0xc0, 0xf, 0xfe, 0x3,
    0xe5, 0x5f, 0x95, 0x7f, 0x0, 0x3f, 0xf8, 0xf,
    0xff, 0xff, 0xff, 0xfc, 0x0, 0x3, 0xe0, 0x3f,
    0xff, 0xff, 0xff, 0xf0, 0x0, 0xf, 0x80, 0xf8,
    0x3, 0xe0, 0xf, 0xc0, 0x0, 0x3e, 0x3, 0xe0,
    0xf, 0x40, 0x3f, 0x0, 0x0, 0xf8, 0xf, 0xd5,
    0x7e, 0x55, 0xfc, 0x0, 0x3, 0xe0, 0x3f, 0xff,
    0xff, 0xff, 0xf0, 0x0, 0xf, 0x80, 0xff, 0xff,
    0xff, 0xff, 0xc0, 0x0, 0x3e, 0x3, 0xe0, 0xf,
    0x40, 0x3f, 0x0, 0x0, 0xf8, 0xf, 0x80, 0x3d,
    0x0, 0xf8, 0x0, 0x7, 0xf0, 0x3e, 0x0, 0xf4,
    0xbf, 0xe0, 0x0, 0x3f, 0xe0, 0xf8, 0x3, 0xd1,
    0xff, 0x40, 0x3, 0xff, 0xd1, 0x40, 0x0, 0x3,
    0xe0, 0x0, 0x3f, 0xcf, 0xe0, 0x0, 0x0, 0x0,
    0x0, 0x3, 0xfc, 0x1f, 0xfe, 0xaa, 0x95, 0x6a,
    0xaa, 0xb, 0xc0, 0xf, 0xff, 0xff, 0xff, 0xff,
    0xfc, 0xd, 0x0, 0x6, 0xff, 0xff, 0xff, 0xff,
    0xe0, 0x0, 0x0, 0x0, 0x0, 0x0, 0x0, 0x0,
    0x0,

    /* U+957F "长" */
    0x0, 0xa, 0x40, 0x0, 0x0, 0x0, 0x0, 0x0,
    0x1, 0xf8, 0x0, 0x0, 0x0, 0x24, 0x0, 0x0,
    0x1f, 0x80, 0x0, 0x0, 0x1f, 0xc0, 0x0, 0x1,
    0xf8, 0x0, 0x0, 0x1f, 0xfd, 0x0, 0x0, 0x1f,
    0x80, 0x0, 0x1f, 0xff, 0x40, 0x0, 0x1, 0xf8,
    0x0, 0x1f, 0xff, 0x80, 0x0, 0x0, 0x1f, 0x80,
    0x2f, 0xff, 0x80, 0x0, 0x0, 0x1, 0xf8, 0x3f,
    0xff, 0x80, 0x0, 0x0, 0x0, 0x1f, 0x83, 0xff,
    0x80, 0x0, 0x0, 0x0, 0x1, 0xf8, 0x2f, 0x40,
    0x0, 0x0, 0x0, 0x0, 0x1f, 0x80, 0x0, 0x0,
    0x0, 0x0, 0x0, 0x1, 0xf8, 0x0, 0x0, 0x0,
    0x0, 0x0, 0x3f, 0xff, 0xff, 0xff, 0xff, 0xff,
    0xff, 0x3, 0xff, 0xff, 0xff, 0xff, 0xff, 0xff,
    0xf4, 0x3f, 0xff, 0xff, 0xff, 0xff, 0xff, 0xff,
    0x40, 0x1, 0xf8, 0x1, 0xfc, 0x0, 0x0, 0x0,
    0x0, 0x1f, 0x80, 0xf, 0xd0, 0x0, 0x0, 0x0,
    0x1, 0xf8, 0x0, 0x7f, 0x0, 0x0, 0x0, 0x0,
    0x1f, 0x80, 0x3, 0xf8, 0x0, 0x0, 0x0, 0x1,
    0xf8, 0x0, 0xf, 0xd0, 0x0, 0x0, 0x0, 0x1f,
    0x80, 0x0, 0x7f, 0x40, 0x0, 0x0, 0x1, 0xf8,
    0x0, 0x2, 0xfe, 0x0, 0x0, 0x0, 0x1f, 0x80,
    0x6, 0xb, 0xfc, 0x0, 0x0, 0x1, 0xf8, 0xb,
    0xf0, 0x2f, 0xf8, 0x0, 0x0, 0x1f, 0xdf, 0xff,
    0x0, 0x7f, 0xf8, 0x0, 0x1, 0xff, 0xff, 0xe0,
    0x0, 0xff, 0xf8, 0x0, 0x3f, 0xff, 0xd0, 0x0,
    0x1, 0xff, 0x40, 0x3, 0xff, 0x80, 0x0, 0x0,
    0x1, 0xf0, 0x0, 0x1f, 0x40, 0x0, 0x0, 0x0,
    0x0, 0x0, 0x0, 0x40, 0x0, 0x0, 0x0, 0x0,
    0x0,

    /* U+FF1A "：" */
    0x15, 0x2f, 0xef, 0xff, 0xff, 0x7f, 0x40, 0x0,
    0x0, 0x0, 0x0, 0x0, 0x0, 0x0, 0x0, 0x0,
    0x5, 0x4b, 0xfb, 0xff, 0xff, 0xdf, 0xd0, 0x0
};


/*---------------------
 *  GLYPH DESCRIPTION
 *--------------------*/

static const lv_font_fmt_txt_glyph_dsc_t glyph_dsc[] = {
    {.bitmap_index = 0, .adv_w = 0, .box_w = 0, .box_h = 0, .ofs_x = 0, .ofs_y = 0} /* id = 0 reserved */,
    {.bitmap_index = 0, .adv_w = 132, .box_w = 0, .box_h = 0, .ofs_x = 0, .ofs_y = 0},
    {.bitmap_index = 0, .adv_w = 186, .box_w = 6, .box_h = 23, .ofs_x = 3, .ofs_y = 0},
    {.bitmap_index = 35, .adv_w = 209, .box_w = 10, .box_h = 10, .ofs_x = 2, .ofs_y = 15},
    {.bitmap_index = 60, .adv_w = 307, .box_w = 19, .box_h = 23, .ofs_x = 0, .ofs_y = 0},
    {.bitmap_index = 170, .adv_w = 297, .box_w = 16, .box_h = 31, .ofs_x = 1, .ofs_y = -5},
    {.bitmap_index = 294, .adv_w = 422, .box_w = 23, .box_h = 23, .ofs_x = 2, .ofs_y = 0},
    {.bitmap_index = 427, .adv_w = 328, .box_w = 20, .box_h = 23, .ofs_x = 1, .ofs_y = 0},
    {.bitmap_index = 542, .adv_w = 125, .box_w = 4, .box_h = 10, .ofs_x = 2, .ofs_y = 15},
    {.bitmap_index = 552, .adv_w = 190, .box_w = 10, .box_h = 32, .ofs_x = 1, .ofs_y = -7},
    {.bitmap_index = 632, .adv_w = 190, .box_w = 9, .box_h = 32, .ofs_x = 1, .ofs_y = -7},
    {.bitmap_index = 704, .adv_w = 226, .box_w = 14, .box_h = 12, .ofs_x = 0, .ofs_y = 13},
    {.bitmap_index = 746, .adv_w = 288, .box_w = 16, .box_h = 17, .ofs_x = 1, .ofs_y = 1},
    {.bitmap_index = 814, .adv_w = 160, .box_w = 7, .box_h = 9, .ofs_x = 1, .ofs_y = -4},
    {.bitmap_index = 830, .adv_w = 225, .box_w = 10, .box_h = 3, .ofs_x = 2, .ofs_y = 9},
    {.bitmap_index = 838, .adv_w = 160, .box_w = 6, .box_h = 5, .ofs_x = 2, .ofs_y = 0},
    {.bitmap_index = 846, .adv_w = 256, .box_w = 12, .box_h = 25, .ofs_x = 2, .ofs_y = -1},
    {.bitmap_index = 921, .adv_w = 297, .box_w = 16, .box_h = 23, .ofs_x = 1, .ofs_y = 0},
    {.bitmap_index = 1013, .adv_w = 297, .box_w = 10, .box_h = 23, .ofs_x = 3, .ofs_y = 0},
    {.bitmap_index = 1071, .adv_w = 297, .box_w = 16, .box_h = 23, .ofs_x = 1, .ofs_y = 0},
    {.bitmap_index = 1163, .adv_w = 297, .box_w = 15, .box_h = 23, .ofs_x = 2, .ofs_y = 0},
    {.bitmap_index = 1250, .adv_w = 297, .box_w = 17, .box_h = 23, .ofs_x = 1, .ofs_y = 0},
    {.bitmap_index = 1348, .adv_w = 297, .box_w = 15, .box_h = 23, .ofs_x = 2, .ofs_y = 0},
    {.bitmap_index = 1435, .adv_w = 297, .box_w = 16, .box_h = 23, .ofs_x = 1, .ofs_y = 0},
    {.bitmap_index = 1527, .adv_w = 297, .box_w = 16, .box_h = 23, .ofs_x = 1, .ofs_y = 0},
    {.bitmap_index = 1619, .adv_w = 297, .box_w = 17, .box_h = 23, .ofs_x = 1, .ofs_y = 0},
    {.bitmap_index = 1717, .adv_w = 297, .box_w = 16, .box_h = 23, .ofs_x = 1, .ofs_y = 0},
    {.bitmap_index = 1809, .adv_w = 198, .box_w = 6, .box_h = 18, .ofs_x = 3, .ofs_y = 0},
    {.bitmap_index = 1836, .adv_w = 198, .box_w = 8, .box_h = 23, .ofs_x = 1, .ofs_y = -5},
    {.bitmap_index = 1882, .adv_w = 288, .box_w = 16, .box_h = 18, .ofs_x = 1, .ofs_y = 1},
    {.bitmap_index = 1954, .adv_w = 288, .box_w = 16, .box_h = 12, .ofs_x = 1, .ofs_y = 4},
    {.bitmap_index = 2002, .adv_w = 288, .box_w = 16, .box_h = 18, .ofs_x = 1, .ofs_y = 1},
    {.bitmap_index = 2074, .adv_w = 224, .box_w = 13, .box_h = 23, .ofs_x = 1, .ofs_y = 0},
    {.bitmap_index = 2149, .adv_w = 439, .box_w = 26, .box_h = 27, .ofs_x = 1, .ofs_y = -4},
    {.bitmap_index = 2325, .adv_w = 352, .box_w = 22, .box_h = 23, .ofs_x = 0, .ofs_y = 0},
    {.bitmap_index = 2452, .adv_w = 323, .box_w = 17, .box_h = 23, .ofs_x = 2, .ofs_y = 0},
    {.bitmap_index = 2550, .adv_w = 308, .box_w = 16, .box_h = 23, .ofs_x = 2, .ofs_y = 0},
    {.bitmap_index = 2642, .adv_w = 360, .box_w = 19, .box_h = 23, .ofs_x = 2, .ofs_y = 0},
    {.bitmap_index = 2752, .adv_w = 286, .box_w = 15, .box_h = 23, .ofs_x = 2, .ofs_y = 0},
    {.bitmap_index = 2839, .adv_w = 272, .box_w = 14, .box_h = 23, .ofs_x = 2, .ofs_y = 0},
    {.bitmap_index = 2920, .adv_w = 352, .box_w = 18, .box_h = 23, .ofs_x = 2, .ofs_y = 0},
    {.bitmap_index = 3024, .adv_w = 367, .box_w = 19, .box_h = 23, .ofs_x = 2, .ofs_y = 0},
    {.bitmap_index = 3134, .adv_w = 146, .box_w = 5, .box_h = 23, .ofs_x = 2, .ofs_y = 0},
    {.bitmap_index = 3163, .adv_w = 145, .box_w = 10, .box_h = 29, .ofs_x = -3, .ofs_y = -6},
    {.bitmap_index = 3236, .adv_w = 323, .box_w = 18, .box_h = 23, .ofs_x = 2, .ofs_y = 0},
    {.bitmap_index = 3340, .adv_w = 264, .box_w = 14, .box_h = 23, .ofs_x = 2, .ofs_y = 0},
    {.bitmap_index = 3421, .adv_w = 435, .box_w = 23, .box_h = 23, .ofs_x = 2, .ofs_y = 0},
    {.bitmap_index = 3554, .adv_w = 381, .box_w = 20, .box_h = 23, .ofs_x = 2, .ofs_y = 0},
    {.bitmap_index = 3669, .adv_w = 381, .box_w = 20, .box_h = 23, .ofs_x = 2, .ofs_y = 0},
    {.bitmap_index = 3784, .adv_w = 312, .box_w = 16, .box_h = 23, .ofs_x = 2, .ofs_y = 0},
    {.bitmap_index = 3876, .adv_w = 381, .box_w = 20, .box_h = 28, .ofs_x = 2, .ofs_y = -5},
    {.bitmap_index = 4016, .adv_w = 321, .box_w = 18, .box_h = 23, .ofs_x = 2, .ofs_y = 0},
    {.bitmap_index = 4120, .adv_w = 292, .box_w = 16, .box_h = 23, .ofs_x = 1, .ofs_y = 0},
    {.bitmap_index = 4212, .adv_w = 274, .box_w = 17, .box_h = 23, .ofs_x = 0, .ofs_y = 0},
    {.bitmap_index = 4310, .adv_w = 364, .box_w = 19, .box_h = 23, .ofs_x = 2, .ofs_y = 0},
    {.bitmap_index = 4420, .adv_w = 331, .box_w = 21, .box_h = 23, .ofs_x = 0, .ofs_y = 0},
    {.bitmap_index = 4541, .adv_w = 470, .box_w = 29, .box_h = 23, .ofs_x = 0, .ofs_y = 0},
    {.bitmap_index = 4708, .adv_w = 331, .box_w = 20, .box_h = 23, .ofs_x = 0, .ofs_y = 0},
    {.bitmap_index = 4823, .adv_w = 317, .box_w = 20, .box_h = 23, .ofs_x = 0, .ofs_y = 0},
    {.bitmap_index = 4938, .adv_w = 325, .box_w = 18, .box_h = 23, .ofs_x = 1, .ofs_y = 0},
    {.bitmap_index = 5042, .adv_w = 157, .box_w = 7, .box_h = 32, .ofs_x = 2, .ofs_y = -7},
    {.bitmap_index = 5098, .adv_w = 260, .box_w = 16, .box_h = 28, .ofs_x = 0, .ofs_y = -3},
    {.bitmap_index = 5210, .adv_w = 157, .box_w = 8, .box_h = 32, .ofs_x = 0, .ofs_y = -7},
    {.bitmap_index = 5274, .adv_w = 288, .box_w = 16, .box_h = 13, .ofs_x = 1, .ofs_y = 10},
    {.bitmap_index = 5326, .adv_w = 256, .box_w = 16, .box_h = 3, .ofs_x = 0, .ofs_y = -7},
    {.bitmap_index = 5338, .adv_w = 194, .box_w = 8, .box_h = 5, .ofs_x = 1, .ofs_y = 20},
    {.bitmap_index = 5348, .adv_w = 314, .box_w = 16, .box_h = 18, .ofs_x = 1, .ofs_y = 0},
    {.bitmap_index = 5420, .adv_w = 326, .box_w = 17, .box_h = 25, .ofs_x = 2, .ofs_y = 0},
    {.bitmap_index = 5527, .adv_w = 255, .box_w = 14, .box_h = 18, .ofs_x = 1, .ofs_y = 0},
    {.bitmap_index = 5590, .adv_w = 326, .box_w = 17, .box_h = 25, .ofs_x = 1, .ofs_y = 0},
    {.bitmap_index = 5697, .adv_w = 297, .box_w = 16, .box_h = 18, .ofs_x = 1, .ofs_y = 0},
    {.bitmap_index = 5769, .adv_w = 180, .box_w = 12, .box_h = 25, .ofs_x = 0, .ofs_y = 0},
    {.bitmap_index = 5844, .adv_w = 327, .box_w = 17, .box_h = 25, .ofs_x = 1, .ofs_y = -7},
    {.bitmap_index = 5951, .adv_w = 320, .box_w = 16, .box_h = 25, .ofs_x = 2, .ofs_y = 0},
    {.bitmap_index = 6051, .adv_w = 141, .box_w = 5, .box_h = 25, .ofs_x = 2, .ofs_y = 0},
    {.bitmap_index = 6083, .adv_w = 141, .box_w = 10, .box_h = 32, .ofs_x = -3, .ofs_y = -7},
    {.bitmap_index = 6163, .adv_w = 275, .box_w = 16, .box_h = 25, .ofs_x = 2, .ofs_y = 0},
    {.bitmap_index = 6263, .adv_w = 150, .box_w = 7, .box_h = 25, .ofs_x = 2, .ofs_y = 0},
    {.bitmap_index = 6307, .adv_w = 476, .box_w = 26, .box_h = 18, .ofs_x = 2, .ofs_y = 0},
    {.bitmap_index = 6424, .adv_w = 320, .box_w = 16, .box_h = 18, .ofs_x = 2, .ofs_y = 0},
    {.bitmap_index = 6496, .adv_w = 317, .box_w = 18, .box_h = 18, .ofs_x = 1, .ofs_y = 0},
    {.bitmap_index = 6577, .adv_w = 326, .box_w = 17, .box_h = 25, .ofs_x = 2, .ofs_y = -7},
    {.bitmap_index = 6684, .adv_w = 327, .box_w = 17, .box_h = 25, .ofs_x = 1, .ofs_y = -7},
    {.bitmap_index = 6791, .adv_w = 198, .box_w = 10, .box_h = 18, .ofs_x = 2, .ofs_y = 0},
    {.bitmap_index = 6836, .adv_w = 247, .box_w = 13, .box_h = 18, .ofs_x = 1, .ofs_y = 0},
    {.bitmap_index = 6895, .adv_w = 177, .box_w = 11, .box_h = 22, .ofs_x = 0, .ofs_y = 0},
    {.bitmap_index = 6956, .adv_w = 317, .box_w = 16, .box_h = 18, .ofs_x = 2, .ofs_y = 0},
    {.bitmap_index = 7028, .adv_w = 279, .box_w = 18, .box_h = 18, .ofs_x = 0, .ofs_y = 0},
    {.bitmap_index = 7109, .adv_w = 433, .box_w = 27, .box_h = 18, .ofs_x = 0, .ofs_y = 0},
    {.bitmap_index = 7231, .adv_w = 279, .box_w = 18, .box_h = 18, .ofs_x = 0, .ofs_y = 0},
    {.bitmap_index = 7312, .adv_w = 280, .box_w = 18, .box_h = 25, .ofs_x = 0, .ofs_y = -7},
    {.bitmap_index = 7425, .adv_w = 267, .box_w = 15, .box_h = 18, .ofs_x = 1, .ofs_y = 0},
    {.bitmap_index = 7493, .adv_w = 162, .box_w = 9, .box_h = 32, .ofs_x = 1, .ofs_y = -7},
    {.bitmap_index = 7565, .adv_w = 101, .box_w = 4, .box_h = 32, .ofs_x = 1, .ofs_y = -7},
    {.bitmap_index = 7597, .adv_w = 162, .box_w = 9, .box_h = 32, .ofs_x = 0, .ofs_y = -7},
    {.bitmap_index = 7669, .adv_w = 288, .box_w = 18, .box_h = 6, .ofs_x = 0, .ofs_y = 7},
    {.bitmap_index = 7696, .adv_w = 504, .box_w = 25, .box_h = 30, .ofs_x = 3, .ofs_y = -3},
    {.bitmap_index = 7884, .adv_w = 504, .box_w = 29, .box_h = 30, .ofs_x = 1, .ofs_y = -4},
    {.bitmap_index = 8102, .adv_w = 504, .box_w = 30, .box_h = 30, .ofs_x = 0, .ofs_y = -4},
    {.bitmap_index = 8327, .adv_w = 504, .box_w = 31, .box_h = 31, .ofs_x = 0, .ofs_y = -4},
    {.bitmap_index = 8568, .adv_w = 504, .box_w = 26, .box_h = 29, .ofs_x = 3, .ofs_y = -3},
    {.bitmap_index = 8757, .adv_w = 504, .box_w = 29, .box_h = 30, .ofs_x = 0, .ofs_y = -4},
    {.bitmap_index = 8975, .adv_w = 504, .box_w = 29, .box_h = 30, .ofs_x = 0, .ofs_y = -4},
    {.bitmap_index = 9193, .adv_w = 504, .box_w = 23, .box_h = 27, .ofs_x = 4, .ofs_y = -4},
    {.bitmap_index = 9349, .adv_w = 504, .box_w = 29, .box_h = 29, .ofs_x = 1, .ofs_y = -4},
    {.bitmap_index = 9560, .adv_w = 504, .box_w = 27, .box_h = 30, .ofs_x = 1, .ofs_y = -3},
    {.bitmap_index = 9763, .adv_w = 504, .box_w = 30, .box_h = 30, .ofs_x = 1, .ofs_y = -4},
    {.bitmap_index = 9988, .adv_w = 504, .box_w = 30, .box_h = 28, .ofs_x = 0, .ofs_y = -2},
    {.bitmap_index = 10198, .adv_w = 504, .box_w = 30, .box_h = 30, .ofs_x = 1, .ofs_y = -3},
    {.bitmap_index = 10423, .adv_w = 504, .box_w = 29, .box_h = 30, .ofs_x = 1, .ofs_y = -4},
    {.bitmap_index = 10641, .adv_w = 504, .box_w = 30, .box_h = 30, .ofs_x = 0, .ofs_y = -4},
    {.bitmap_index = 10866, .adv_w = 504, .box_w = 30, .box_h = 29, .ofs_x = 0, .ofs_y = -3},
    {.bitmap_index = 11084, .adv_w = 504, .box_w = 30, .box_h = 30, .ofs_x = 1, .ofs_y = -4},
    {.bitmap_index = 11309, .adv_w = 504, .box_w = 28, .box_h = 30, .ofs_x = 3, .ofs_y = -4},
    {.bitmap_index = 11519, .adv_w = 504, .box_w = 29, .box_h = 26, .ofs_x = 1, .ofs_y = -2},
    {.bitmap_index = 11708, .adv_w = 504, .box_w = 30, .box_h = 30, .ofs_x = 1, .ofs_y = -4},
    {.bitmap_index = 11933, .adv_w = 504, .box_w = 29, .box_h = 29, .ofs_x = 1, .ofs_y = -3},
    {.bitmap_index = 12144, .adv_w = 504, .box_w = 30, .box_h = 30, .ofs_x = 1, .ofs_y = -4},
    {.bitmap_index = 12369, .adv_w = 504, .box_w = 31, .box_h = 29, .ofs_x = 0, .ofs_y = -3},
    {.bitmap_index = 12594, .adv_w = 504, .box_w = 30, .box_h = 30, .ofs_x = 0, .ofs_y = -4},
    {.bitmap_index = 12819, .adv_w = 504, .box_w = 30, .box_h = 31, .ofs_x = 1, .ofs_y = -4},
    {.bitmap_index = 13052, .adv_w = 504, .box_w = 29, .box_h = 29, .ofs_x = 1, .ofs_y = -3},
    {.bitmap_index = 13263, .adv_w = 504, .box_w = 30, .box_h = 30, .ofs_x = 1, .ofs_y = -4},
    {.bitmap_index = 13488, .adv_w = 504, .box_w = 30, .box_h = 29, .ofs_x = 1, .ofs_y = -3},
    {.bitmap_index = 13706, .adv_w = 504, .box_w = 30, .box_h = 30, .ofs_x = 1, .ofs_y = -4},
    {.bitmap_index = 13931, .adv_w = 504, .box_w = 31, .box_h = 30, .ofs_x = 0, .ofs_y = -4},
    {.bitmap_index = 14164, .adv_w = 504, .box_w = 31, .box_h = 30, .ofs_x = 0, .ofs_y = -4},
    {.bitmap_index = 14397, .adv_w = 504, .box_w = 30, .box_h = 30, .ofs_x = 1, .ofs_y = -4},
    {.bitmap_index = 14622, .adv_w = 504, .box_w = 5, .box_h = 19, .ofs_x = 6, .ofs_y = -1}
};

/*---------------------
 *  CHARACTER MAPPING
 *--------------------*/

static const uint16_t unicode_list_1[] = {
    0x0, 0x81, 0x31c, 0x3a2, 0x3cd, 0x3ea, 0x472, 0x5b6,
    0x5ca, 0x5e0, 0x903, 0x913, 0xada, 0x1062, 0x1079, 0x14bc,
    0x175a, 0x1780, 0x1d36, 0x1eb5, 0x255a, 0x29be, 0x2bc3, 0x2cc2,
    0x3a43, 0x3bd3, 0x3d91, 0x3dc0, 0x4166, 0x41dc, 0x41ed, 0x4752,
    0xb0ed
};

/*Collect the unicode lists and glyph_id offsets*/
static const lv_font_fmt_txt_cmap_t cmaps[] =
{
    {
        .range_start = 32, .range_length = 95, .glyph_id_start = 1,
        .unicode_list = NULL, .glyph_id_ofs_list = NULL, .list_length = 0, .type = LV_FONT_FMT_TXT_CMAP_FORMAT0_TINY
    },
    {
        .range_start = 20013, .range_length = 45294, .glyph_id_start = 96,
        .unicode_list = unicode_list_1, .glyph_id_ofs_list = NULL, .list_length = 33, .type = LV_FONT_FMT_TXT_CMAP_SPARSE_TINY
    }
};

/*-----------------
 *    KERNING
 *----------------*/


/*Pair left and right glyphs for kerning*/
static const uint8_t kern_pair_glyph_ids[] =
{
    3, 3,
    3, 8,
    3, 13,
    3, 15,
    8, 3,
    8, 8,
    8, 13,
    8, 15,
    9, 75,
    13, 3,
    13, 8,
    13, 18,
    13, 24,
    13, 26,
    15, 3,
    15, 8,
    15, 18,
    15, 24,
    15, 26,
    16, 16,
    18, 13,
    18, 15,
    18, 27,
    18, 28,
    24, 13,
    24, 15,
    24, 27,
    24, 28,
    27, 18,
    27, 24,
    28, 18,
    28, 24,
    34, 3,
    34, 8,
    34, 36,
    34, 40,
    34, 48,
    34, 50,
    34, 53,
    34, 54,
    34, 55,
    34, 56,
    34, 58,
    34, 71,
    34, 77,
    34, 85,
    34, 87,
    34, 90,
    35, 36,
    35, 40,
    35, 48,
    35, 50,
    35, 53,
    35, 55,
    35, 57,
    35, 58,
    37, 13,
    37, 15,
    37, 34,
    37, 53,
    37, 55,
    37, 56,
    37, 57,
    37, 58,
    37, 59,
    37, 66,
    38, 75,
    39, 13,
    39, 15,
    39, 34,
    39, 66,
    39, 73,
    39, 76,
    40, 55,
    40, 58,
    43, 43,
    44, 34,
    44, 36,
    44, 40,
    44, 48,
    44, 50,
    44, 53,
    44, 54,
    44, 55,
    44, 56,
    44, 58,
    44, 68,
    44, 69,
    44, 70,
    44, 72,
    44, 77,
    44, 80,
    44, 82,
    44, 84,
    44, 85,
    44, 86,
    44, 87,
    44, 88,
    44, 90,
    45, 3,
    45, 8,
    45, 34,
    45, 36,
    45, 40,
    45, 48,
    45, 50,
    45, 53,
    45, 54,
    45, 55,
    45, 56,
    45, 58,
    45, 87,
    45, 88,
    45, 90,
    48, 13,
    48, 15,
    48, 34,
    48, 53,
    48, 55,
    48, 56,
    48, 57,
    48, 58,
    48, 59,
    48, 66,
    49, 13,
    49, 15,
    49, 34,
    49, 53,
    49, 55,
    49, 56,
    49, 57,
    49, 58,
    49, 59,
    49, 66,
    50, 13,
    50, 15,
    50, 34,
    50, 43,
    50, 53,
    50, 55,
    50, 56,
    50, 57,
    50, 58,
    50, 59,
    50, 66,
    51, 36,
    51, 40,
    51, 48,
    51, 50,
    51, 53,
    51, 54,
    51, 55,
    51, 56,
    51, 57,
    51, 58,
    51, 68,
    51, 69,
    51, 70,
    51, 72,
    51, 80,
    51, 82,
    51, 85,
    51, 86,
    51, 87,
    51, 89,
    51, 90,
    52, 13,
    52, 15,
    52, 52,
    52, 53,
    52, 55,
    52, 56,
    52, 58,
    52, 85,
    52, 87,
    52, 88,
    52, 89,
    52, 90,
    53, 3,
    53, 8,
    53, 13,
    53, 15,
    53, 34,
    53, 36,
    53, 40,
    53, 48,
    53, 50,
    53, 52,
    53, 66,
    53, 68,
    53, 69,
    53, 70,
    53, 72,
    53, 74,
    53, 75,
    53, 78,
    53, 79,
    53, 80,
    53, 81,
    53, 82,
    53, 83,
    53, 84,
    53, 85,
    53, 86,
    53, 87,
    53, 88,
    53, 89,
    53, 90,
    53, 91,
    54, 34,
    54, 57,
    54, 89,
    55, 13,
    55, 15,
    55, 27,
    55, 28,
    55, 34,
    55, 36,
    55, 40,
    55, 48,
    55, 50,
    55, 52,
    55, 66,
    55, 68,
    55, 69,
    55, 70,
    55, 72,
    55, 73,
    55, 76,
    55, 80,
    55, 82,
    55, 84,
    55, 87,
    55, 90,
    56, 13,
    56, 15,
    56, 27,
    56, 28,
    56, 34,
    56, 36,
    56, 40,
    56, 48,
    56, 50,
    56, 66,
    56, 68,
    56, 69,
    56, 70,
    56, 72,
    56, 80,
    56, 82,
    56, 84,
    57, 34,
    57, 36,
    57, 40,
    57, 48,
    57, 50,
    57, 53,
    57, 54,
    57, 55,
    57, 56,
    57, 58,
    57, 68,
    57, 69,
    57, 70,
    57, 72,
    57, 77,
    57, 80,
    57, 82,
    57, 84,
    57, 85,
    57, 86,
    57, 87,
    57, 88,
    57, 90,
    58, 3,
    58, 8,
    58, 13,
    58, 15,
    58, 27,
    58, 28,
    58, 34,
    58, 36,
    58, 40,
    58, 48,
    58, 50,
    58, 52,
    58, 66,
    58, 68,
    58, 69,
    58, 70,
    58, 71,
    58, 72,
    58, 73,
    58, 74,
    58, 76,
    58, 78,
    58, 79,
    58, 80,
    58, 81,
    58, 82,
    58, 83,
    58, 84,
    58, 85,
    58, 86,
    58, 87,
    58, 89,
    58, 90,
    58, 91,
    59, 36,
    59, 40,
    59, 48,
    59, 50,
    60, 75,
    66, 53,
    66, 55,
    66, 58,
    66, 87,
    66, 88,
    66, 90,
    67, 13,
    67, 15,
    67, 53,
    67, 55,
    67, 56,
    67, 57,
    67, 58,
    67, 87,
    67, 89,
    67, 90,
    70, 13,
    70, 15,
    70, 53,
    70, 58,
    70, 75,
    71, 3,
    71, 8,
    71, 10,
    71, 11,
    71, 13,
    71, 15,
    71, 32,
    71, 53,
    71, 55,
    71, 56,
    71, 57,
    71, 58,
    71, 62,
    71, 66,
    71, 68,
    71, 69,
    71, 70,
    71, 71,
    71, 72,
    71, 73,
    71, 74,
    71, 75,
    71, 76,
    71, 77,
    71, 80,
    71, 82,
    71, 84,
    71, 85,
    71, 87,
    71, 90,
    71, 94,
    73, 53,
    73, 58,
    73, 87,
    73, 88,
    73, 90,
    74, 3,
    74, 8,
    74, 10,
    74, 32,
    74, 53,
    74, 62,
    74, 94,
    75, 53,
    76, 53,
    76, 54,
    76, 56,
    76, 66,
    76, 68,
    76, 69,
    76, 70,
    76, 72,
    76, 77,
    76, 80,
    76, 82,
    76, 86,
    77, 71,
    77, 85,
    77, 87,
    77, 88,
    77, 90,
    78, 53,
    78, 58,
    78, 87,
    78, 88,
    78, 90,
    79, 53,
    79, 58,
    79, 87,
    79, 88,
    79, 90,
    80, 13,
    80, 15,
    80, 53,
    80, 55,
    80, 56,
    80, 57,
    80, 58,
    80, 87,
    80, 89,
    80, 90,
    81, 13,
    81, 15,
    81, 53,
    81, 55,
    81, 56,
    81, 57,
    81, 58,
    81, 87,
    81, 89,
    81, 90,
    82, 53,
    82, 58,
    82, 75,
    83, 3,
    83, 8,
    83, 13,
    83, 15,
    83, 66,
    83, 68,
    83, 69,
    83, 70,
    83, 71,
    83, 80,
    83, 82,
    83, 85,
    83, 87,
    83, 90,
    84, 53,
    84, 55,
    84, 56,
    84, 57,
    84, 58,
    84, 87,
    84, 89,
    84, 90,
    85, 71,
    85, 85,
    86, 53,
    86, 58,
    87, 13,
    87, 15,
    87, 53,
    87, 57,
    87, 66,
    87, 68,
    87, 69,
    87, 70,
    87, 80,
    87, 82,
    88, 13,
    88, 15,
    88, 53,
    88, 57,
    88, 66,
    89, 53,
    89, 54,
    89, 56,
    89, 66,
    89, 68,
    89, 69,
    89, 70,
    89, 72,
    89, 77,
    89, 80,
    89, 82,
    89, 86,
    90, 13,
    90, 15,
    90, 53,
    90, 57,
    90, 66,
    90, 68,
    90, 69,
    90, 70,
    90, 80,
    90, 82,
    91, 53,
    92, 73,
    92, 75,
    92, 76
};

/* Kerning between the respective left and right glyphs
 * 4.4 format which needs to scaled with `kern_scale`*/
static const int8_t kern_pair_values[] =
{
    -16, -21, -90, -90, -16, -21, -90, -90,
    31, -82, -82, -72, -25, -18, -82, -82,
    -72, -25, -18, -61, -47, -47, -49, -49,
    -82, -82, -47, -47, -38, -28, -38, -28,
    -51, -51, -9, -9, -9, -9, -41, -4,
    -36, -17, -44, -10, -5, -10, -10, -10,
    -4, -4, -4, -4, -19, -10, -10, -13,
    -28, -28, -10, -18, -15, -8, -11, -20,
    -10, -16, 8, -77, -77, -20, -28, 3,
    3, -8, -14, 7, -8, -11, -11, -11,
    -11, -8, -18, -16, -16, -20, -18, -18,
    -18, -18, -18, -18, -18, -8, -6, -19,
    -31, -20, -31, -49, -49, 10, -26, -26,
    -26, -26, -36, -8, -38, -18, -51, -23,
    -13, -23, -28, -28, -10, -18, -15, -8,
    -11, -20, -10, -16, -98, -98, -31, -12,
    -4, -4, -26, -10, -18, -31, -28, -28,
    -10, 7, -18, -15, -8, -11, -20, -10,
    -16, -7, -7, -7, -7, -20, -5, -12,
    -6, -12, -23, -10, -10, -10, -10, -10,
    -10, -10, -4, -5, 10, -5, -10, -10,
    -3, -5, -13, -6, -13, -3, -10, -5,
    -3, -10, 7, 7, -77, -77, -41, -10,
    -10, -10, -10, -3, -41, -28, -28, -28,
    -28, -10, -8, -28, -28, -28, -24, -28,
    -28, -31, 10, -36, -16, -8, -16, -16,
    -28, -4, -8, -3, -72, -72, -23, -23,
    -37, -15, -15, -15, -15, -6, -25, -13,
    -13, -13, -13, 4, 4, -13, -13, -13,
    -4, -4, -38, -38, -16, -16, -20, -8,
    -8, -8, -8, -20, -10, -10, -10, -10,
    -10, -10, -10, -8, -11, -11, -11, -11,
    -8, -18, -16, -16, -20, -18, -18, -18,
    -18, -18, -18, -18, -8, -6, -19, -31,
    -20, -31, 5, 5, -76, -76, -31, -31,
    -44, -20, -20, -20, -20, -3, -54, -31,
    -31, -31, -5, -31, 3, -8, 3, -23,
    -23, -31, -20, -31, -23, -33, -3, -20,
    -20, -23, -20, -23, -10, -10, -10, -10,
    41, -31, -13, -35, -6, -6, -6, -20,
    -20, -28, -15, -10, -18, -31, -5, -10,
    -5, -10, -10, -26, -20, 10, 10, 10,
    5, 33, -5, -5, 20, 20, 13, 13,
    13, 5, 15, -13, -8, -8, -8, 4,
    -16, -7, -8, -8, -7, -8, -8, -8,
    -8, 4, 1, 1, 10, -24, -16, -6,
    -1, -6, 7, 7, 7, 10, -10, 25,
    17, -10, -16, -3, -10, -10, -10, -10,
    -10, -9, -10, -10, -10, -6, -10, -1,
    -8, -4, -8, -24, -16, -6, -1, -6,
    -24, -16, -6, -1, -6, -20, -20, -28,
    -15, -10, -18, -31, -5, -10, -5, -20,
    -20, -28, -15, -10, -18, -31, -5, -10,
    -5, -8, -8, 10, 7, 7, -47, -47,
    -24, -8, -8, -8, 3, -8, -8, 10,
    1, 1, -28, -13, -10, -8, -31, -8,
    -5, -8, 3, 1, -20, -8, -45, -45,
    -16, -16, -18, -5, -5, -5, -5, -5,
    -27, -27, -8, -16, -16, -16, -3, -10,
    -10, -10, -10, -10, -9, -10, -10, -10,
    -6, -45, -45, -16, -16, -18, -5, -5,
    -5, -5, -5, -28, 7, 38, 7
};

/*Collect the kern pair's data in one place*/
static const lv_font_fmt_txt_kern_pair_t kern_pairs =
{
    .glyph_ids = kern_pair_glyph_ids,
    .values = kern_pair_values,
    .pair_cnt = 495,
    .glyph_ids_size = 0
};

/*--------------------
 *  ALL CUSTOM DATA
 *--------------------*/

#if LVGL_VERSION_MAJOR == 8
/*Store all the custom data of the font*/
static  lv_font_fmt_txt_glyph_cache_t cache;
#endif

#if LVGL_VERSION_MAJOR >= 8
static const lv_font_fmt_txt_dsc_t font_dsc = {
#else
static lv_font_fmt_txt_dsc_t font_dsc = {
#endif
    .glyph_bitmap = glyph_bitmap,
    .glyph_dsc = glyph_dsc,
    .cmaps = cmaps,
    .kern_dsc = &kern_pairs,
    .kern_scale = 16,
    .cmap_num = 2,
    .bpp = 2,
    .kern_classes = 0,
    .bitmap_format = 0,
#if LVGL_VERSION_MAJOR == 8
    .cache = &cache
#endif
};



/*-----------------
 *  PUBLIC FONT
 *----------------*/

/*Initialize a public general font descriptor*/
#if LVGL_VERSION_MAJOR >= 8
const lv_font_t ui_font_Font32 = {
#else
lv_font_t ui_font_Font32 = {
#endif
    .get_glyph_dsc = lv_font_get_glyph_dsc_fmt_txt,    /*Function pointer to get glyph's data*/
    .get_glyph_bitmap = lv_font_get_bitmap_fmt_txt,    /*Function pointer to get glyph's bitmap*/
    .line_height = 34,          /*The maximum line height required by the font*/
    .base_line = 7,             /*Baseline measured from the bottom of the line*/
#if !(LVGL_VERSION_MAJOR == 6 && LVGL_VERSION_MINOR == 0)
    .subpx = LV_FONT_SUBPX_NONE,
#endif
#if LV_VERSION_CHECK(7, 4, 0) || LVGL_VERSION_MAJOR >= 8
    .underline_position = -2,
    .underline_thickness = 2,
#endif
    .dsc = &font_dsc,          /*The custom font data. Will be accessed by `get_glyph_bitmap/dsc` */
#if LV_VERSION_CHECK(8, 2, 0) || LVGL_VERSION_MAJOR >= 9
    .fallback = NULL,
#endif
    .user_data = NULL,
};



#endif /*#if UI_FONT_FONT32*/

